[2026-08-02T18:55:15.819+0000] {processor.py:161} INFO - Started process (PID=102) to work on /home/airflow/.local/lib/python3.12/site-packages/airflow/example_dags/example_datasets.py
[2026-08-02T18:55:15.822+0000] {processor.py:830} INFO - Processing file /home/airflow/.local/lib/python3.12/site-packages/airflow/example_dags/example_datasets.py for tasks to queue
[2026-08-02T18:55:15.829+0000] {logging_mixin.py:188} INFO - [2026-08-02T18:55:15.827+0000] {dagbag.py:545} INFO - Filling up the DagBag from /home/airflow/.local/lib/python3.12/site-packages/airflow/example_dags/example_datasets.py
[2026-08-02T18:55:15.861+0000] {processor.py:840} INFO - DAG(s) 'dataset_consumes_unknown_never_scheduled', 'dataset_consumes_1_and_2', 'dataset_produces_2', 'consume_1_or_2_with_dataset_expressions', 'consume_1_or_both_2_and_3_with_dataset_expressions', 'conditional_dataset_and_time_based_timetable', 'dataset_consumes_1_never_scheduled', 'consume_1_and_2_with_dataset_expressions', 'dataset_produces_1', 'dataset_consumes_1' retrieved from /home/airflow/.local/lib/python3.12/site-packages/airflow/example_dags/example_datasets.py
[2026-08-02T18:55:16.216+0000] {logging_mixin.py:188} INFO - [2026-08-02T18:55:16.215+0000] {dag.py:3089} INFO - Sync 10 DAGs
[2026-08-02T18:55:16.245+0000] {logging_mixin.py:188} INFO - [2026-08-02T18:55:16.245+0000] {dag.py:3947} INFO - Setting next_dagrun for conditional_dataset_and_time_based_timetable to 2026-07-29 01:00:00+00:00, run_after=2026-07-29 01:00:00+00:00
[2026-08-02T18:55:16.251+0000] {logging_mixin.py:188} INFO - [2026-08-02T18:55:16.251+0000] {dag.py:3947} INFO - Setting next_dagrun for consume_1_and_2_with_dataset_expressions to None, run_after=None
[2026-08-02T18:55:16.254+0000] {logging_mixin.py:188} INFO - [2026-08-02T18:55:16.254+0000] {dag.py:3947} INFO - Setting next_dagrun for consume_1_or_2_with_dataset_expressions to None, run_after=None
[2026-08-02T18:55:16.256+0000] {logging_mixin.py:188} INFO - [2026-08-02T18:55:16.256+0000] {dag.py:3947} INFO - Setting next_dagrun for consume_1_or_both_2_and_3_with_dataset_expressions to None, run_after=None
[2026-08-02T18:55:16.259+0000] {logging_mixin.py:188} INFO - [2026-08-02T18:55:16.258+0000] {dag.py:3947} INFO - Setting next_dagrun for dataset_consumes_1 to None, run_after=None
[2026-08-02T18:55:16.261+0000] {logging_mixin.py:188} INFO - [2026-08-02T18:55:16.261+0000] {dag.py:3947} INFO - Setting next_dagrun for dataset_consumes_1_and_2 to None, run_after=None
[2026-08-02T18:55:16.264+0000] {logging_mixin.py:188} INFO - [2026-08-02T18:55:16.264+0000] {dag.py:3947} INFO - Setting next_dagrun for dataset_consumes_1_never_scheduled to None, run_after=None
[2026-08-02T18:55:16.267+0000] {logging_mixin.py:188} INFO - [2026-08-02T18:55:16.267+0000] {dag.py:3947} INFO - Setting next_dagrun for dataset_consumes_unknown_never_scheduled to None, run_after=None
[2026-08-02T18:55:16.272+0000] {logging_mixin.py:188} INFO - [2026-08-02T18:55:16.271+0000] {dag.py:3947} INFO - Setting next_dagrun for dataset_produces_1 to 2026-08-01 00:00:00+00:00, run_after=2026-08-02 00:00:00+00:00
[2026-08-02T18:55:16.275+0000] {logging_mixin.py:188} INFO - [2026-08-02T18:55:16.275+0000] {dag.py:3947} INFO - Setting next_dagrun for dataset_produces_2 to None, run_after=None
[2026-08-02T18:55:16.353+0000] {processor.py:183} INFO - Processing /home/airflow/.local/lib/python3.12/site-packages/airflow/example_dags/example_datasets.py took 0.544 seconds
[2026-08-02T18:55:47.113+0000] {processor.py:161} INFO - Started process (PID=161) to work on /home/airflow/.local/lib/python3.12/site-packages/airflow/example_dags/example_datasets.py
[2026-08-02T18:55:47.115+0000] {processor.py:830} INFO - Processing file /home/airflow/.local/lib/python3.12/site-packages/airflow/example_dags/example_datasets.py for tasks to queue
[2026-08-02T18:55:47.118+0000] {logging_mixin.py:188} INFO - [2026-08-02T18:55:47.118+0000] {dagbag.py:545} INFO - Filling up the DagBag from /home/airflow/.local/lib/python3.12/site-packages/airflow/example_dags/example_datasets.py
[2026-08-02T18:55:47.134+0000] {processor.py:840} INFO - DAG(s) 'consume_1_or_both_2_and_3_with_dataset_expressions', 'consume_1_or_2_with_dataset_expressions', 'dataset_consumes_1_never_scheduled', 'dataset_consumes_1', 'dataset_consumes_1_and_2', 'conditional_dataset_and_time_based_timetable', 'dataset_produces_2', 'consume_1_and_2_with_dataset_expressions', 'dataset_produces_1', 'dataset_consumes_unknown_never_scheduled' retrieved from /home/airflow/.local/lib/python3.12/site-packages/airflow/example_dags/example_datasets.py
[2026-08-02T18:55:47.179+0000] {logging_mixin.py:188} INFO - [2026-08-02T18:55:47.179+0000] {dag.py:3089} INFO - Sync 10 DAGs
[2026-08-02T18:55:47.204+0000] {logging_mixin.py:188} INFO - [2026-08-02T18:55:47.204+0000] {dag.py:3947} INFO - Setting next_dagrun for conditional_dataset_and_time_based_timetable to 2026-07-29 01:00:00+00:00, run_after=2026-07-29 01:00:00+00:00
[2026-08-02T18:55:47.208+0000] {logging_mixin.py:188} INFO - [2026-08-02T18:55:47.207+0000] {dag.py:3947} INFO - Setting next_dagrun for consume_1_and_2_with_dataset_expressions to None, run_after=None
[2026-08-02T18:55:47.209+0000] {logging_mixin.py:188} INFO - [2026-08-02T18:55:47.209+0000] {dag.py:3947} INFO - Setting next_dagrun for consume_1_or_2_with_dataset_expressions to None, run_after=None
[2026-08-02T18:55:47.211+0000] {logging_mixin.py:188} INFO - [2026-08-02T18:55:47.211+0000] {dag.py:3947} INFO - Setting next_dagrun for consume_1_or_both_2_and_3_with_dataset_expressions to None, run_after=None
[2026-08-02T18:55:47.213+0000] {logging_mixin.py:188} INFO - [2026-08-02T18:55:47.212+0000] {dag.py:3947} INFO - Setting next_dagrun for dataset_consumes_1 to None, run_after=None
[2026-08-02T18:55:47.214+0000] {logging_mixin.py:188} INFO - [2026-08-02T18:55:47.214+0000] {dag.py:3947} INFO - Setting next_dagrun for dataset_consumes_1_and_2 to None, run_after=None
[2026-08-02T18:55:47.216+0000] {logging_mixin.py:188} INFO - [2026-08-02T18:55:47.216+0000] {dag.py:3947} INFO - Setting next_dagrun for dataset_consumes_1_never_scheduled to None, run_after=None
[2026-08-02T18:55:47.218+0000] {logging_mixin.py:188} INFO - [2026-08-02T18:55:47.218+0000] {dag.py:3947} INFO - Setting next_dagrun for dataset_consumes_unknown_never_scheduled to None, run_after=None
[2026-08-02T18:55:47.220+0000] {logging_mixin.py:188} INFO - [2026-08-02T18:55:47.220+0000] {dag.py:3947} INFO - Setting next_dagrun for dataset_produces_1 to 2026-08-01 00:00:00+00:00, run_after=2026-08-02 00:00:00+00:00
[2026-08-02T18:55:47.222+0000] {logging_mixin.py:188} INFO - [2026-08-02T18:55:47.221+0000] {dag.py:3947} INFO - Setting next_dagrun for dataset_produces_2 to None, run_after=None
[2026-08-02T18:55:47.254+0000] {processor.py:183} INFO - Processing /home/airflow/.local/lib/python3.12/site-packages/airflow/example_dags/example_datasets.py took 0.149 seconds
[2026-08-02T18:56:17.885+0000] {processor.py:161} INFO - Started process (PID=220) to work on /home/airflow/.local/lib/python3.12/site-packages/airflow/example_dags/example_datasets.py
[2026-08-02T18:56:17.887+0000] {processor.py:830} INFO - Processing file /home/airflow/.local/lib/python3.12/site-packages/airflow/example_dags/example_datasets.py for tasks to queue
[2026-08-02T18:56:17.892+0000] {logging_mixin.py:188} INFO - [2026-08-02T18:56:17.891+0000] {dagbag.py:545} INFO - Filling up the DagBag from /home/airflow/.local/lib/python3.12/site-packages/airflow/example_dags/example_datasets.py
[2026-08-02T18:56:17.909+0000] {processor.py:840} INFO - DAG(s) 'dataset_consumes_1', 'conditional_dataset_and_time_based_timetable', 'consume_1_or_2_with_dataset_expressions', 'dataset_produces_1', 'consume_1_or_both_2_and_3_with_dataset_expressions', 'dataset_consumes_1_never_scheduled', 'dataset_consumes_unknown_never_scheduled', 'consume_1_and_2_with_dataset_expressions', 'dataset_consumes_1_and_2', 'dataset_produces_2' retrieved from /home/airflow/.local/lib/python3.12/site-packages/airflow/example_dags/example_datasets.py
[2026-08-02T18:56:17.968+0000] {logging_mixin.py:188} INFO - [2026-08-02T18:56:17.968+0000] {dag.py:3089} INFO - Sync 10 DAGs
[2026-08-02T18:56:17.998+0000] {logging_mixin.py:188} INFO - [2026-08-02T18:56:17.998+0000] {dag.py:3947} INFO - Setting next_dagrun for conditional_dataset_and_time_based_timetable to 2026-07-29 01:00:00+00:00, run_after=2026-07-29 01:00:00+00:00
[2026-08-02T18:56:18.003+0000] {logging_mixin.py:188} INFO - [2026-08-02T18:56:18.003+0000] {dag.py:3947} INFO - Setting next_dagrun for consume_1_and_2_with_dataset_expressions to None, run_after=None
[2026-08-02T18:56:18.005+0000] {logging_mixin.py:188} INFO - [2026-08-02T18:56:18.005+0000] {dag.py:3947} INFO - Setting next_dagrun for consume_1_or_2_with_dataset_expressions to None, run_after=None
[2026-08-02T18:56:18.007+0000] {logging_mixin.py:188} INFO - [2026-08-02T18:56:18.007+0000] {dag.py:3947} INFO - Setting next_dagrun for consume_1_or_both_2_and_3_with_dataset_expressions to None, run_after=None
[2026-08-02T18:56:18.009+0000] {logging_mixin.py:188} INFO - [2026-08-02T18:56:18.009+0000] {dag.py:3947} INFO - Setting next_dagrun for dataset_consumes_1 to None, run_after=None
[2026-08-02T18:56:18.012+0000] {logging_mixin.py:188} INFO - [2026-08-02T18:56:18.011+0000] {dag.py:3947} INFO - Setting next_dagrun for dataset_consumes_1_and_2 to None, run_after=None
[2026-08-02T18:56:18.015+0000] {logging_mixin.py:188} INFO - [2026-08-02T18:56:18.015+0000] {dag.py:3947} INFO - Setting next_dagrun for dataset_consumes_1_never_scheduled to None, run_after=None
[2026-08-02T18:56:18.018+0000] {logging_mixin.py:188} INFO - [2026-08-02T18:56:18.018+0000] {dag.py:3947} INFO - Setting next_dagrun for dataset_consumes_unknown_never_scheduled to None, run_after=None
[2026-08-02T18:56:18.021+0000] {logging_mixin.py:188} INFO - [2026-08-02T18:56:18.021+0000] {dag.py:3947} INFO - Setting next_dagrun for dataset_produces_1 to 2026-08-01 00:00:00+00:00, run_after=2026-08-02 00:00:00+00:00
[2026-08-02T18:56:18.024+0000] {logging_mixin.py:188} INFO - [2026-08-02T18:56:18.024+0000] {dag.py:3947} INFO - Setting next_dagrun for dataset_produces_2 to None, run_after=None
[2026-08-02T18:56:18.068+0000] {processor.py:183} INFO - Processing /home/airflow/.local/lib/python3.12/site-packages/airflow/example_dags/example_datasets.py took 0.196 seconds
[2026-08-02T18:56:48.391+0000] {processor.py:161} INFO - Started process (PID=279) to work on /home/airflow/.local/lib/python3.12/site-packages/airflow/example_dags/example_datasets.py
[2026-08-02T18:56:48.393+0000] {processor.py:830} INFO - Processing file /home/airflow/.local/lib/python3.12/site-packages/airflow/example_dags/example_datasets.py for tasks to queue
[2026-08-02T18:56:48.398+0000] {logging_mixin.py:188} INFO - [2026-08-02T18:56:48.397+0000] {dagbag.py:545} INFO - Filling up the DagBag from /home/airflow/.local/lib/python3.12/site-packages/airflow/example_dags/example_datasets.py
[2026-08-02T18:56:48.418+0000] {processor.py:840} INFO - DAG(s) 'consume_1_or_2_with_dataset_expressions', 'conditional_dataset_and_time_based_timetable', 'consume_1_or_both_2_and_3_with_dataset_expressions', 'dataset_produces_1', 'consume_1_and_2_with_dataset_expressions', 'dataset_produces_2', 'dataset_consumes_1_never_scheduled', 'dataset_consumes_unknown_never_scheduled', 'dataset_consumes_1', 'dataset_consumes_1_and_2' retrieved from /home/airflow/.local/lib/python3.12/site-packages/airflow/example_dags/example_datasets.py
[2026-08-02T18:56:48.463+0000] {logging_mixin.py:188} INFO - [2026-08-02T18:56:48.463+0000] {dag.py:3089} INFO - Sync 10 DAGs
[2026-08-02T18:56:48.489+0000] {logging_mixin.py:188} INFO - [2026-08-02T18:56:48.488+0000] {dag.py:3947} INFO - Setting next_dagrun for conditional_dataset_and_time_based_timetable to 2026-07-29 01:00:00+00:00, run_after=2026-07-29 01:00:00+00:00
[2026-08-02T18:56:48.493+0000] {logging_mixin.py:188} INFO - [2026-08-02T18:56:48.493+0000] {dag.py:3947} INFO - Setting next_dagrun for consume_1_and_2_with_dataset_expressions to None, run_after=None
[2026-08-02T18:56:48.495+0000] {logging_mixin.py:188} INFO - [2026-08-02T18:56:48.495+0000] {dag.py:3947} INFO - Setting next_dagrun for consume_1_or_2_with_dataset_expressions to None, run_after=None
[2026-08-02T18:56:48.499+0000] {logging_mixin.py:188} INFO - [2026-08-02T18:56:48.498+0000] {dag.py:3947} INFO - Setting next_dagrun for consume_1_or_both_2_and_3_with_dataset_expressions to None, run_after=None
[2026-08-02T18:56:48.501+0000] {logging_mixin.py:188} INFO - [2026-08-02T18:56:48.501+0000] {dag.py:3947} INFO - Setting next_dagrun for dataset_consumes_1 to None, run_after=None
[2026-08-02T18:56:48.503+0000] {logging_mixin.py:188} INFO - [2026-08-02T18:56:48.503+0000] {dag.py:3947} INFO - Setting next_dagrun for dataset_consumes_1_and_2 to None, run_after=None
[2026-08-02T18:56:48.505+0000] {logging_mixin.py:188} INFO - [2026-08-02T18:56:48.504+0000] {dag.py:3947} INFO - Setting next_dagrun for dataset_consumes_1_never_scheduled to None, run_after=None
[2026-08-02T18:56:48.506+0000] {logging_mixin.py:188} INFO - [2026-08-02T18:56:48.506+0000] {dag.py:3947} INFO - Setting next_dagrun for dataset_consumes_unknown_never_scheduled to None, run_after=None
[2026-08-02T18:56:48.509+0000] {logging_mixin.py:188} INFO - [2026-08-02T18:56:48.509+0000] {dag.py:3947} INFO - Setting next_dagrun for dataset_produces_1 to 2026-08-01 00:00:00+00:00, run_after=2026-08-02 00:00:00+00:00
[2026-08-02T18:56:48.511+0000] {logging_mixin.py:188} INFO - [2026-08-02T18:56:48.511+0000] {dag.py:3947} INFO - Setting next_dagrun for dataset_produces_2 to None, run_after=None
[2026-08-02T18:56:48.545+0000] {processor.py:183} INFO - Processing /home/airflow/.local/lib/python3.12/site-packages/airflow/example_dags/example_datasets.py took 0.166 seconds
[2026-08-02T18:57:18.641+0000] {processor.py:161} INFO - Started process (PID=338) to work on /home/airflow/.local/lib/python3.12/site-packages/airflow/example_dags/example_datasets.py
[2026-08-02T18:57:18.643+0000] {processor.py:830} INFO - Processing file /home/airflow/.local/lib/python3.12/site-packages/airflow/example_dags/example_datasets.py for tasks to queue
[2026-08-02T18:57:18.646+0000] {logging_mixin.py:188} INFO - [2026-08-02T18:57:18.645+0000] {dagbag.py:545} INFO - Filling up the DagBag from /home/airflow/.local/lib/python3.12/site-packages/airflow/example_dags/example_datasets.py
[2026-08-02T18:57:18.661+0000] {processor.py:840} INFO - DAG(s) 'dataset_produces_1', 'dataset_consumes_1_and_2', 'consume_1_and_2_with_dataset_expressions', 'consume_1_or_both_2_and_3_with_dataset_expressions', 'dataset_produces_2', 'dataset_consumes_1_never_scheduled', 'dataset_consumes_unknown_never_scheduled', 'dataset_consumes_1', 'consume_1_or_2_with_dataset_expressions', 'conditional_dataset_and_time_based_timetable' retrieved from /home/airflow/.local/lib/python3.12/site-packages/airflow/example_dags/example_datasets.py
[2026-08-02T18:57:18.707+0000] {logging_mixin.py:188} INFO - [2026-08-02T18:57:18.707+0000] {dag.py:3089} INFO - Sync 10 DAGs
[2026-08-02T18:57:18.731+0000] {logging_mixin.py:188} INFO - [2026-08-02T18:57:18.730+0000] {dag.py:3947} INFO - Setting next_dagrun for conditional_dataset_and_time_based_timetable to 2026-07-29 01:00:00+00:00, run_after=2026-07-29 01:00:00+00:00
[2026-08-02T18:57:18.735+0000] {logging_mixin.py:188} INFO - [2026-08-02T18:57:18.735+0000] {dag.py:3947} INFO - Setting next_dagrun for consume_1_and_2_with_dataset_expressions to None, run_after=None
[2026-08-02T18:57:18.737+0000] {logging_mixin.py:188} INFO - [2026-08-02T18:57:18.737+0000] {dag.py:3947} INFO - Setting next_dagrun for consume_1_or_2_with_dataset_expressions to None, run_after=None
[2026-08-02T18:57:18.738+0000] {logging_mixin.py:188} INFO - [2026-08-02T18:57:18.738+0000] {dag.py:3947} INFO - Setting next_dagrun for consume_1_or_both_2_and_3_with_dataset_expressions to None, run_after=None
[2026-08-02T18:57:18.740+0000] {logging_mixin.py:188} INFO - [2026-08-02T18:57:18.740+0000] {dag.py:3947} INFO - Setting next_dagrun for dataset_consumes_1 to None, run_after=None
[2026-08-02T18:57:18.741+0000] {logging_mixin.py:188} INFO - [2026-08-02T18:57:18.741+0000] {dag.py:3947} INFO - Setting next_dagrun for dataset_consumes_1_and_2 to None, run_after=None
[2026-08-02T18:57:18.743+0000] {logging_mixin.py:188} INFO - [2026-08-02T18:57:18.742+0000] {dag.py:3947} INFO - Setting next_dagrun for dataset_consumes_1_never_scheduled to None, run_after=None
[2026-08-02T18:57:18.744+0000] {logging_mixin.py:188} INFO - [2026-08-02T18:57:18.744+0000] {dag.py:3947} INFO - Setting next_dagrun for dataset_consumes_unknown_never_scheduled to None, run_after=None
[2026-08-02T18:57:18.746+0000] {logging_mixin.py:188} INFO - [2026-08-02T18:57:18.746+0000] {dag.py:3947} INFO - Setting next_dagrun for dataset_produces_1 to 2026-08-01 00:00:00+00:00, run_after=2026-08-02 00:00:00+00:00
[2026-08-02T18:57:18.748+0000] {logging_mixin.py:188} INFO - [2026-08-02T18:57:18.748+0000] {dag.py:3947} INFO - Setting next_dagrun for dataset_produces_2 to None, run_after=None
[2026-08-02T18:57:18.781+0000] {processor.py:183} INFO - Processing /home/airflow/.local/lib/python3.12/site-packages/airflow/example_dags/example_datasets.py took 0.150 seconds
[2026-08-02T18:57:49.020+0000] {processor.py:161} INFO - Started process (PID=397) to work on /home/airflow/.local/lib/python3.12/site-packages/airflow/example_dags/example_datasets.py
[2026-08-02T18:57:49.023+0000] {processor.py:830} INFO - Processing file /home/airflow/.local/lib/python3.12/site-packages/airflow/example_dags/example_datasets.py for tasks to queue
[2026-08-02T18:57:49.027+0000] {logging_mixin.py:188} INFO - [2026-08-02T18:57:49.027+0000] {dagbag.py:545} INFO - Filling up the DagBag from /home/airflow/.local/lib/python3.12/site-packages/airflow/example_dags/example_datasets.py
[2026-08-02T18:57:49.047+0000] {processor.py:840} INFO - DAG(s) 'dataset_consumes_1_and_2', 'consume_1_or_2_with_dataset_expressions', 'dataset_consumes_1_never_scheduled', 'dataset_consumes_unknown_never_scheduled', 'dataset_produces_1', 'consume_1_or_both_2_and_3_with_dataset_expressions', 'dataset_consumes_1', 'conditional_dataset_and_time_based_timetable', 'dataset_produces_2', 'consume_1_and_2_with_dataset_expressions' retrieved from /home/airflow/.local/lib/python3.12/site-packages/airflow/example_dags/example_datasets.py
[2026-08-02T18:57:49.098+0000] {logging_mixin.py:188} INFO - [2026-08-02T18:57:49.097+0000] {dag.py:3089} INFO - Sync 10 DAGs
[2026-08-02T18:57:49.123+0000] {logging_mixin.py:188} INFO - [2026-08-02T18:57:49.123+0000] {dag.py:3947} INFO - Setting next_dagrun for conditional_dataset_and_time_based_timetable to 2026-07-29 01:00:00+00:00, run_after=2026-07-29 01:00:00+00:00
[2026-08-02T18:57:49.127+0000] {logging_mixin.py:188} INFO - [2026-08-02T18:57:49.127+0000] {dag.py:3947} INFO - Setting next_dagrun for consume_1_and_2_with_dataset_expressions to None, run_after=None
[2026-08-02T18:57:49.129+0000] {logging_mixin.py:188} INFO - [2026-08-02T18:57:49.129+0000] {dag.py:3947} INFO - Setting next_dagrun for consume_1_or_2_with_dataset_expressions to None, run_after=None
[2026-08-02T18:57:49.131+0000] {logging_mixin.py:188} INFO - [2026-08-02T18:57:49.131+0000] {dag.py:3947} INFO - Setting next_dagrun for consume_1_or_both_2_and_3_with_dataset_expressions to None, run_after=None
[2026-08-02T18:57:49.134+0000] {logging_mixin.py:188} INFO - [2026-08-02T18:57:49.133+0000] {dag.py:3947} INFO - Setting next_dagrun for dataset_consumes_1 to None, run_after=None
[2026-08-02T18:57:49.135+0000] {logging_mixin.py:188} INFO - [2026-08-02T18:57:49.135+0000] {dag.py:3947} INFO - Setting next_dagrun for dataset_consumes_1_and_2 to None, run_after=None
[2026-08-02T18:57:49.137+0000] {logging_mixin.py:188} INFO - [2026-08-02T18:57:49.137+0000] {dag.py:3947} INFO - Setting next_dagrun for dataset_consumes_1_never_scheduled to None, run_after=None
[2026-08-02T18:57:49.139+0000] {logging_mixin.py:188} INFO - [2026-08-02T18:57:49.139+0000] {dag.py:3947} INFO - Setting next_dagrun for dataset_consumes_unknown_never_scheduled to None, run_after=None
[2026-08-02T18:57:49.141+0000] {logging_mixin.py:188} INFO - [2026-08-02T18:57:49.141+0000] {dag.py:3947} INFO - Setting next_dagrun for dataset_produces_1 to 2026-08-01 00:00:00+00:00, run_after=2026-08-02 00:00:00+00:00
[2026-08-02T18:57:49.143+0000] {logging_mixin.py:188} INFO - [2026-08-02T18:57:49.143+0000] {dag.py:3947} INFO - Setting next_dagrun for dataset_produces_2 to None, run_after=None
[2026-08-02T18:57:49.176+0000] {processor.py:183} INFO - Processing /home/airflow/.local/lib/python3.12/site-packages/airflow/example_dags/example_datasets.py took 0.166 seconds
[2026-08-02T19:00:10.875+0000] {processor.py:161} INFO - Started process (PID=89) to work on /home/airflow/.local/lib/python3.12/site-packages/airflow/example_dags/example_datasets.py
[2026-08-02T19:00:10.877+0000] {processor.py:830} INFO - Processing file /home/airflow/.local/lib/python3.12/site-packages/airflow/example_dags/example_datasets.py for tasks to queue
[2026-08-02T19:00:10.879+0000] {logging_mixin.py:188} INFO - [2026-08-02T19:00:10.879+0000] {dagbag.py:545} INFO - Filling up the DagBag from /home/airflow/.local/lib/python3.12/site-packages/airflow/example_dags/example_datasets.py
[2026-08-02T19:00:10.895+0000] {processor.py:840} INFO - DAG(s) 'dataset_consumes_1_and_2', 'consume_1_or_2_with_dataset_expressions', 'consume_1_and_2_with_dataset_expressions', 'dataset_consumes_1', 'conditional_dataset_and_time_based_timetable', 'dataset_consumes_1_never_scheduled', 'dataset_produces_1', 'consume_1_or_both_2_and_3_with_dataset_expressions', 'dataset_consumes_unknown_never_scheduled', 'dataset_produces_2' retrieved from /home/airflow/.local/lib/python3.12/site-packages/airflow/example_dags/example_datasets.py
[2026-08-02T19:00:10.913+0000] {logging_mixin.py:188} INFO - [2026-08-02T19:00:10.913+0000] {dag.py:3089} INFO - Sync 10 DAGs
[2026-08-02T19:00:10.941+0000] {logging_mixin.py:188} INFO - [2026-08-02T19:00:10.941+0000] {dag.py:3947} INFO - Setting next_dagrun for conditional_dataset_and_time_based_timetable to 2026-07-29 01:00:00+00:00, run_after=2026-07-29 01:00:00+00:00
[2026-08-02T19:00:10.946+0000] {logging_mixin.py:188} INFO - [2026-08-02T19:00:10.945+0000] {dag.py:3947} INFO - Setting next_dagrun for consume_1_and_2_with_dataset_expressions to None, run_after=None
[2026-08-02T19:00:10.948+0000] {logging_mixin.py:188} INFO - [2026-08-02T19:00:10.948+0000] {dag.py:3947} INFO - Setting next_dagrun for consume_1_or_2_with_dataset_expressions to None, run_after=None
[2026-08-02T19:00:10.950+0000] {logging_mixin.py:188} INFO - [2026-08-02T19:00:10.950+0000] {dag.py:3947} INFO - Setting next_dagrun for consume_1_or_both_2_and_3_with_dataset_expressions to None, run_after=None
[2026-08-02T19:00:10.952+0000] {logging_mixin.py:188} INFO - [2026-08-02T19:00:10.951+0000] {dag.py:3947} INFO - Setting next_dagrun for dataset_consumes_1 to None, run_after=None
[2026-08-02T19:00:10.953+0000] {logging_mixin.py:188} INFO - [2026-08-02T19:00:10.953+0000] {dag.py:3947} INFO - Setting next_dagrun for dataset_consumes_1_and_2 to None, run_after=None
[2026-08-02T19:00:10.955+0000] {logging_mixin.py:188} INFO - [2026-08-02T19:00:10.955+0000] {dag.py:3947} INFO - Setting next_dagrun for dataset_consumes_1_never_scheduled to None, run_after=None
[2026-08-02T19:00:10.957+0000] {logging_mixin.py:188} INFO - [2026-08-02T19:00:10.957+0000] {dag.py:3947} INFO - Setting next_dagrun for dataset_consumes_unknown_never_scheduled to None, run_after=None
[2026-08-02T19:00:10.961+0000] {logging_mixin.py:188} INFO - [2026-08-02T19:00:10.960+0000] {dag.py:3947} INFO - Setting next_dagrun for dataset_produces_1 to 2026-08-01 00:00:00+00:00, run_after=2026-08-02 00:00:00+00:00
[2026-08-02T19:00:10.963+0000] {logging_mixin.py:188} INFO - [2026-08-02T19:00:10.963+0000] {dag.py:3947} INFO - Setting next_dagrun for dataset_produces_2 to None, run_after=None
[2026-08-02T19:00:11.001+0000] {processor.py:183} INFO - Processing /home/airflow/.local/lib/python3.12/site-packages/airflow/example_dags/example_datasets.py took 0.131 seconds
[2026-08-02T19:00:41.257+0000] {processor.py:161} INFO - Started process (PID=148) to work on /home/airflow/.local/lib/python3.12/site-packages/airflow/example_dags/example_datasets.py
[2026-08-02T19:00:41.258+0000] {processor.py:830} INFO - Processing file /home/airflow/.local/lib/python3.12/site-packages/airflow/example_dags/example_datasets.py for tasks to queue
[2026-08-02T19:00:41.260+0000] {logging_mixin.py:188} INFO - [2026-08-02T19:00:41.260+0000] {dagbag.py:545} INFO - Filling up the DagBag from /home/airflow/.local/lib/python3.12/site-packages/airflow/example_dags/example_datasets.py
[2026-08-02T19:00:41.273+0000] {processor.py:840} INFO - DAG(s) 'dataset_consumes_1_never_scheduled', 'dataset_consumes_unknown_never_scheduled', 'conditional_dataset_and_time_based_timetable', 'consume_1_and_2_with_dataset_expressions', 'dataset_consumes_1', 'dataset_consumes_1_and_2', 'consume_1_or_2_with_dataset_expressions', 'dataset_produces_2', 'consume_1_or_both_2_and_3_with_dataset_expressions', 'dataset_produces_1' retrieved from /home/airflow/.local/lib/python3.12/site-packages/airflow/example_dags/example_datasets.py
[2026-08-02T19:00:41.450+0000] {logging_mixin.py:188} INFO - [2026-08-02T19:00:41.450+0000] {dag.py:3089} INFO - Sync 10 DAGs
[2026-08-02T19:00:41.471+0000] {logging_mixin.py:188} INFO - [2026-08-02T19:00:41.471+0000] {dag.py:3947} INFO - Setting next_dagrun for conditional_dataset_and_time_based_timetable to 2026-07-29 01:00:00+00:00, run_after=2026-07-29 01:00:00+00:00
[2026-08-02T19:00:41.474+0000] {logging_mixin.py:188} INFO - [2026-08-02T19:00:41.474+0000] {dag.py:3947} INFO - Setting next_dagrun for consume_1_and_2_with_dataset_expressions to None, run_after=None
[2026-08-02T19:00:41.476+0000] {logging_mixin.py:188} INFO - [2026-08-02T19:00:41.476+0000] {dag.py:3947} INFO - Setting next_dagrun for consume_1_or_2_with_dataset_expressions to None, run_after=None
[2026-08-02T19:00:41.478+0000] {logging_mixin.py:188} INFO - [2026-08-02T19:00:41.478+0000] {dag.py:3947} INFO - Setting next_dagrun for consume_1_or_both_2_and_3_with_dataset_expressions to None, run_after=None
[2026-08-02T19:00:41.479+0000] {logging_mixin.py:188} INFO - [2026-08-02T19:00:41.479+0000] {dag.py:3947} INFO - Setting next_dagrun for dataset_consumes_1 to None, run_after=None
[2026-08-02T19:00:41.481+0000] {logging_mixin.py:188} INFO - [2026-08-02T19:00:41.481+0000] {dag.py:3947} INFO - Setting next_dagrun for dataset_consumes_1_and_2 to None, run_after=None
[2026-08-02T19:00:41.482+0000] {logging_mixin.py:188} INFO - [2026-08-02T19:00:41.482+0000] {dag.py:3947} INFO - Setting next_dagrun for dataset_consumes_1_never_scheduled to None, run_after=None
[2026-08-02T19:00:41.484+0000] {logging_mixin.py:188} INFO - [2026-08-02T19:00:41.484+0000] {dag.py:3947} INFO - Setting next_dagrun for dataset_consumes_unknown_never_scheduled to None, run_after=None
[2026-08-02T19:00:41.486+0000] {logging_mixin.py:188} INFO - [2026-08-02T19:00:41.486+0000] {dag.py:3947} INFO - Setting next_dagrun for dataset_produces_1 to 2026-08-01 00:00:00+00:00, run_after=2026-08-02 00:00:00+00:00
[2026-08-02T19:00:41.487+0000] {logging_mixin.py:188} INFO - [2026-08-02T19:00:41.487+0000] {dag.py:3947} INFO - Setting next_dagrun for dataset_produces_2 to None, run_after=None
[2026-08-02T19:00:41.520+0000] {processor.py:183} INFO - Processing /home/airflow/.local/lib/python3.12/site-packages/airflow/example_dags/example_datasets.py took 0.268 seconds
[2026-08-02T19:01:11.597+0000] {processor.py:161} INFO - Started process (PID=208) to work on /home/airflow/.local/lib/python3.12/site-packages/airflow/example_dags/example_datasets.py
[2026-08-02T19:01:11.598+0000] {processor.py:830} INFO - Processing file /home/airflow/.local/lib/python3.12/site-packages/airflow/example_dags/example_datasets.py for tasks to queue
[2026-08-02T19:01:11.601+0000] {logging_mixin.py:188} INFO - [2026-08-02T19:01:11.600+0000] {dagbag.py:545} INFO - Filling up the DagBag from /home/airflow/.local/lib/python3.12/site-packages/airflow/example_dags/example_datasets.py
[2026-08-02T19:01:11.614+0000] {processor.py:840} INFO - DAG(s) 'dataset_consumes_1_and_2', 'consume_1_and_2_with_dataset_expressions', 'dataset_consumes_unknown_never_scheduled', 'dataset_produces_2', 'consume_1_or_both_2_and_3_with_dataset_expressions', 'dataset_produces_1', 'consume_1_or_2_with_dataset_expressions', 'dataset_consumes_1_never_scheduled', 'conditional_dataset_and_time_based_timetable', 'dataset_consumes_1' retrieved from /home/airflow/.local/lib/python3.12/site-packages/airflow/example_dags/example_datasets.py
[2026-08-02T19:01:11.658+0000] {logging_mixin.py:188} INFO - [2026-08-02T19:01:11.658+0000] {dag.py:3089} INFO - Sync 10 DAGs
[2026-08-02T19:01:11.682+0000] {logging_mixin.py:188} INFO - [2026-08-02T19:01:11.682+0000] {dag.py:3947} INFO - Setting next_dagrun for conditional_dataset_and_time_based_timetable to 2026-07-29 01:00:00+00:00, run_after=2026-07-29 01:00:00+00:00
[2026-08-02T19:01:11.686+0000] {logging_mixin.py:188} INFO - [2026-08-02T19:01:11.686+0000] {dag.py:3947} INFO - Setting next_dagrun for consume_1_and_2_with_dataset_expressions to None, run_after=None
[2026-08-02T19:01:11.688+0000] {logging_mixin.py:188} INFO - [2026-08-02T19:01:11.688+0000] {dag.py:3947} INFO - Setting next_dagrun for consume_1_or_2_with_dataset_expressions to None, run_after=None
[2026-08-02T19:01:11.689+0000] {logging_mixin.py:188} INFO - [2026-08-02T19:01:11.689+0000] {dag.py:3947} INFO - Setting next_dagrun for consume_1_or_both_2_and_3_with_dataset_expressions to None, run_after=None
[2026-08-02T19:01:11.690+0000] {logging_mixin.py:188} INFO - [2026-08-02T19:01:11.690+0000] {dag.py:3947} INFO - Setting next_dagrun for dataset_consumes_1 to None, run_after=None
[2026-08-02T19:01:11.692+0000] {logging_mixin.py:188} INFO - [2026-08-02T19:01:11.692+0000] {dag.py:3947} INFO - Setting next_dagrun for dataset_consumes_1_and_2 to None, run_after=None
[2026-08-02T19:01:11.693+0000] {logging_mixin.py:188} INFO - [2026-08-02T19:01:11.693+0000] {dag.py:3947} INFO - Setting next_dagrun for dataset_consumes_1_never_scheduled to None, run_after=None
[2026-08-02T19:01:11.695+0000] {logging_mixin.py:188} INFO - [2026-08-02T19:01:11.695+0000] {dag.py:3947} INFO - Setting next_dagrun for dataset_consumes_unknown_never_scheduled to None, run_after=None
[2026-08-02T19:01:11.699+0000] {logging_mixin.py:188} INFO - [2026-08-02T19:01:11.698+0000] {dag.py:3947} INFO - Setting next_dagrun for dataset_produces_1 to 2026-08-01 00:00:00+00:00, run_after=2026-08-02 00:00:00+00:00
[2026-08-02T19:01:11.700+0000] {logging_mixin.py:188} INFO - [2026-08-02T19:01:11.700+0000] {dag.py:3947} INFO - Setting next_dagrun for dataset_produces_2 to None, run_after=None
[2026-08-02T19:01:11.736+0000] {processor.py:183} INFO - Processing /home/airflow/.local/lib/python3.12/site-packages/airflow/example_dags/example_datasets.py took 0.145 seconds
[2026-08-02T19:01:42.190+0000] {processor.py:161} INFO - Started process (PID=267) to work on /home/airflow/.local/lib/python3.12/site-packages/airflow/example_dags/example_datasets.py
[2026-08-02T19:01:42.192+0000] {processor.py:830} INFO - Processing file /home/airflow/.local/lib/python3.12/site-packages/airflow/example_dags/example_datasets.py for tasks to queue
[2026-08-02T19:01:42.194+0000] {logging_mixin.py:188} INFO - [2026-08-02T19:01:42.194+0000] {dagbag.py:545} INFO - Filling up the DagBag from /home/airflow/.local/lib/python3.12/site-packages/airflow/example_dags/example_datasets.py
[2026-08-02T19:01:42.208+0000] {processor.py:840} INFO - DAG(s) 'dataset_consumes_1_and_2', 'conditional_dataset_and_time_based_timetable', 'dataset_produces_2', 'dataset_consumes_1', 'dataset_consumes_unknown_never_scheduled', 'consume_1_or_2_with_dataset_expressions', 'dataset_consumes_1_never_scheduled', 'consume_1_and_2_with_dataset_expressions', 'consume_1_or_both_2_and_3_with_dataset_expressions', 'dataset_produces_1' retrieved from /home/airflow/.local/lib/python3.12/site-packages/airflow/example_dags/example_datasets.py
[2026-08-02T19:01:42.254+0000] {logging_mixin.py:188} INFO - [2026-08-02T19:01:42.254+0000] {dag.py:3089} INFO - Sync 10 DAGs
[2026-08-02T19:01:42.280+0000] {logging_mixin.py:188} INFO - [2026-08-02T19:01:42.280+0000] {dag.py:3947} INFO - Setting next_dagrun for conditional_dataset_and_time_based_timetable to 2026-07-29 01:00:00+00:00, run_after=2026-07-29 01:00:00+00:00
[2026-08-02T19:01:42.286+0000] {logging_mixin.py:188} INFO - [2026-08-02T19:01:42.286+0000] {dag.py:3947} INFO - Setting next_dagrun for consume_1_and_2_with_dataset_expressions to None, run_after=None
[2026-08-02T19:01:42.289+0000] {logging_mixin.py:188} INFO - [2026-08-02T19:01:42.288+0000] {dag.py:3947} INFO - Setting next_dagrun for consume_1_or_2_with_dataset_expressions to None, run_after=None
[2026-08-02T19:01:42.290+0000] {logging_mixin.py:188} INFO - [2026-08-02T19:01:42.290+0000] {dag.py:3947} INFO - Setting next_dagrun for consume_1_or_both_2_and_3_with_dataset_expressions to None, run_after=None
[2026-08-02T19:01:42.292+0000] {logging_mixin.py:188} INFO - [2026-08-02T19:01:42.292+0000] {dag.py:3947} INFO - Setting next_dagrun for dataset_consumes_1 to None, run_after=None
[2026-08-02T19:01:42.294+0000] {logging_mixin.py:188} INFO - [2026-08-02T19:01:42.294+0000] {dag.py:3947} INFO - Setting next_dagrun for dataset_consumes_1_and_2 to None, run_after=None
[2026-08-02T19:01:42.296+0000] {logging_mixin.py:188} INFO - [2026-08-02T19:01:42.296+0000] {dag.py:3947} INFO - Setting next_dagrun for dataset_consumes_1_never_scheduled to None, run_after=None
[2026-08-02T19:01:42.297+0000] {logging_mixin.py:188} INFO - [2026-08-02T19:01:42.297+0000] {dag.py:3947} INFO - Setting next_dagrun for dataset_consumes_unknown_never_scheduled to None, run_after=None
[2026-08-02T19:01:42.300+0000] {logging_mixin.py:188} INFO - [2026-08-02T19:01:42.300+0000] {dag.py:3947} INFO - Setting next_dagrun for dataset_produces_1 to 2026-08-01 00:00:00+00:00, run_after=2026-08-02 00:00:00+00:00
[2026-08-02T19:01:42.302+0000] {logging_mixin.py:188} INFO - [2026-08-02T19:01:42.302+0000] {dag.py:3947} INFO - Setting next_dagrun for dataset_produces_2 to None, run_after=None
[2026-08-02T19:01:42.335+0000] {processor.py:183} INFO - Processing /home/airflow/.local/lib/python3.12/site-packages/airflow/example_dags/example_datasets.py took 0.152 seconds
[2026-08-02T19:02:12.412+0000] {processor.py:161} INFO - Started process (PID=327) to work on /home/airflow/.local/lib/python3.12/site-packages/airflow/example_dags/example_datasets.py
[2026-08-02T19:02:12.413+0000] {processor.py:830} INFO - Processing file /home/airflow/.local/lib/python3.12/site-packages/airflow/example_dags/example_datasets.py for tasks to queue
[2026-08-02T19:02:12.415+0000] {logging_mixin.py:188} INFO - [2026-08-02T19:02:12.415+0000] {dagbag.py:545} INFO - Filling up the DagBag from /home/airflow/.local/lib/python3.12/site-packages/airflow/example_dags/example_datasets.py
[2026-08-02T19:02:12.429+0000] {processor.py:840} INFO - DAG(s) 'dataset_consumes_1_never_scheduled', 'dataset_consumes_1_and_2', 'dataset_produces_1', 'consume_1_or_2_with_dataset_expressions', 'dataset_consumes_unknown_never_scheduled', 'conditional_dataset_and_time_based_timetable', 'dataset_consumes_1', 'consume_1_and_2_with_dataset_expressions', 'consume_1_or_both_2_and_3_with_dataset_expressions', 'dataset_produces_2' retrieved from /home/airflow/.local/lib/python3.12/site-packages/airflow/example_dags/example_datasets.py
[2026-08-02T19:02:12.476+0000] {logging_mixin.py:188} INFO - [2026-08-02T19:02:12.476+0000] {dag.py:3089} INFO - Sync 10 DAGs
[2026-08-02T19:02:12.500+0000] {logging_mixin.py:188} INFO - [2026-08-02T19:02:12.500+0000] {dag.py:3947} INFO - Setting next_dagrun for conditional_dataset_and_time_based_timetable to 2026-07-29 01:00:00+00:00, run_after=2026-07-29 01:00:00+00:00
[2026-08-02T19:02:12.505+0000] {logging_mixin.py:188} INFO - [2026-08-02T19:02:12.504+0000] {dag.py:3947} INFO - Setting next_dagrun for consume_1_and_2_with_dataset_expressions to None, run_after=None
[2026-08-02T19:02:12.506+0000] {logging_mixin.py:188} INFO - [2026-08-02T19:02:12.506+0000] {dag.py:3947} INFO - Setting next_dagrun for consume_1_or_2_with_dataset_expressions to None, run_after=None
[2026-08-02T19:02:12.508+0000] {logging_mixin.py:188} INFO - [2026-08-02T19:02:12.508+0000] {dag.py:3947} INFO - Setting next_dagrun for consume_1_or_both_2_and_3_with_dataset_expressions to None, run_after=None
[2026-08-02T19:02:12.510+0000] {logging_mixin.py:188} INFO - [2026-08-02T19:02:12.510+0000] {dag.py:3947} INFO - Setting next_dagrun for dataset_consumes_1 to None, run_after=None
[2026-08-02T19:02:12.512+0000] {logging_mixin.py:188} INFO - [2026-08-02T19:02:12.511+0000] {dag.py:3947} INFO - Setting next_dagrun for dataset_consumes_1_and_2 to None, run_after=None
[2026-08-02T19:02:12.513+0000] {logging_mixin.py:188} INFO - [2026-08-02T19:02:12.513+0000] {dag.py:3947} INFO - Setting next_dagrun for dataset_consumes_1_never_scheduled to None, run_after=None
[2026-08-02T19:02:12.515+0000] {logging_mixin.py:188} INFO - [2026-08-02T19:02:12.515+0000] {dag.py:3947} INFO - Setting next_dagrun for dataset_consumes_unknown_never_scheduled to None, run_after=None
[2026-08-02T19:02:12.517+0000] {logging_mixin.py:188} INFO - [2026-08-02T19:02:12.517+0000] {dag.py:3947} INFO - Setting next_dagrun for dataset_produces_1 to 2026-08-01 00:00:00+00:00, run_after=2026-08-02 00:00:00+00:00
[2026-08-02T19:02:12.519+0000] {logging_mixin.py:188} INFO - [2026-08-02T19:02:12.519+0000] {dag.py:3947} INFO - Setting next_dagrun for dataset_produces_2 to None, run_after=None
[2026-08-02T19:02:12.558+0000] {processor.py:183} INFO - Processing /home/airflow/.local/lib/python3.12/site-packages/airflow/example_dags/example_datasets.py took 0.152 seconds
[2026-08-02T19:02:42.738+0000] {processor.py:161} INFO - Started process (PID=387) to work on /home/airflow/.local/lib/python3.12/site-packages/airflow/example_dags/example_datasets.py
[2026-08-02T19:02:42.741+0000] {processor.py:830} INFO - Processing file /home/airflow/.local/lib/python3.12/site-packages/airflow/example_dags/example_datasets.py for tasks to queue
[2026-08-02T19:02:42.744+0000] {logging_mixin.py:188} INFO - [2026-08-02T19:02:42.743+0000] {dagbag.py:545} INFO - Filling up the DagBag from /home/airflow/.local/lib/python3.12/site-packages/airflow/example_dags/example_datasets.py
[2026-08-02T19:02:42.757+0000] {processor.py:840} INFO - DAG(s) 'dataset_produces_2', 'dataset_consumes_unknown_never_scheduled', 'consume_1_and_2_with_dataset_expressions', 'dataset_consumes_1_never_scheduled', 'consume_1_or_both_2_and_3_with_dataset_expressions', 'conditional_dataset_and_time_based_timetable', 'dataset_consumes_1_and_2', 'dataset_produces_1', 'dataset_consumes_1', 'consume_1_or_2_with_dataset_expressions' retrieved from /home/airflow/.local/lib/python3.12/site-packages/airflow/example_dags/example_datasets.py
[2026-08-02T19:02:42.799+0000] {logging_mixin.py:188} INFO - [2026-08-02T19:02:42.798+0000] {dag.py:3089} INFO - Sync 10 DAGs
[2026-08-02T19:02:42.824+0000] {logging_mixin.py:188} INFO - [2026-08-02T19:02:42.824+0000] {dag.py:3947} INFO - Setting next_dagrun for conditional_dataset_and_time_based_timetable to 2026-07-29 01:00:00+00:00, run_after=2026-07-29 01:00:00+00:00
[2026-08-02T19:02:42.829+0000] {logging_mixin.py:188} INFO - [2026-08-02T19:02:42.829+0000] {dag.py:3947} INFO - Setting next_dagrun for consume_1_and_2_with_dataset_expressions to None, run_after=None
[2026-08-02T19:02:42.830+0000] {logging_mixin.py:188} INFO - [2026-08-02T19:02:42.830+0000] {dag.py:3947} INFO - Setting next_dagrun for consume_1_or_2_with_dataset_expressions to None, run_after=None
[2026-08-02T19:02:42.832+0000] {logging_mixin.py:188} INFO - [2026-08-02T19:02:42.832+0000] {dag.py:3947} INFO - Setting next_dagrun for consume_1_or_both_2_and_3_with_dataset_expressions to None, run_after=None
[2026-08-02T19:02:42.834+0000] {logging_mixin.py:188} INFO - [2026-08-02T19:02:42.834+0000] {dag.py:3947} INFO - Setting next_dagrun for dataset_consumes_1 to None, run_after=None
[2026-08-02T19:02:42.835+0000] {logging_mixin.py:188} INFO - [2026-08-02T19:02:42.835+0000] {dag.py:3947} INFO - Setting next_dagrun for dataset_consumes_1_and_2 to None, run_after=None
[2026-08-02T19:02:42.837+0000] {logging_mixin.py:188} INFO - [2026-08-02T19:02:42.837+0000] {dag.py:3947} INFO - Setting next_dagrun for dataset_consumes_1_never_scheduled to None, run_after=None
[2026-08-02T19:02:42.838+0000] {logging_mixin.py:188} INFO - [2026-08-02T19:02:42.838+0000] {dag.py:3947} INFO - Setting next_dagrun for dataset_consumes_unknown_never_scheduled to None, run_after=None
[2026-08-02T19:02:42.841+0000] {logging_mixin.py:188} INFO - [2026-08-02T19:02:42.841+0000] {dag.py:3947} INFO - Setting next_dagrun for dataset_produces_1 to 2026-08-01 00:00:00+00:00, run_after=2026-08-02 00:00:00+00:00
[2026-08-02T19:02:42.842+0000] {logging_mixin.py:188} INFO - [2026-08-02T19:02:42.842+0000] {dag.py:3947} INFO - Setting next_dagrun for dataset_produces_2 to None, run_after=None
[2026-08-02T19:02:42.875+0000] {processor.py:183} INFO - Processing /home/airflow/.local/lib/python3.12/site-packages/airflow/example_dags/example_datasets.py took 0.142 seconds
[2026-08-02T19:03:13.096+0000] {processor.py:161} INFO - Started process (PID=447) to work on /home/airflow/.local/lib/python3.12/site-packages/airflow/example_dags/example_datasets.py
[2026-08-02T19:03:13.098+0000] {processor.py:830} INFO - Processing file /home/airflow/.local/lib/python3.12/site-packages/airflow/example_dags/example_datasets.py for tasks to queue
[2026-08-02T19:03:13.101+0000] {logging_mixin.py:188} INFO - [2026-08-02T19:03:13.100+0000] {dagbag.py:545} INFO - Filling up the DagBag from /home/airflow/.local/lib/python3.12/site-packages/airflow/example_dags/example_datasets.py
[2026-08-02T19:03:13.115+0000] {processor.py:840} INFO - DAG(s) 'dataset_consumes_1_never_scheduled', 'dataset_consumes_unknown_never_scheduled', 'dataset_consumes_1_and_2', 'dataset_consumes_1', 'consume_1_or_2_with_dataset_expressions', 'dataset_produces_2', 'dataset_produces_1', 'consume_1_and_2_with_dataset_expressions', 'consume_1_or_both_2_and_3_with_dataset_expressions', 'conditional_dataset_and_time_based_timetable' retrieved from /home/airflow/.local/lib/python3.12/site-packages/airflow/example_dags/example_datasets.py
[2026-08-02T19:03:13.164+0000] {logging_mixin.py:188} INFO - [2026-08-02T19:03:13.164+0000] {dag.py:3089} INFO - Sync 10 DAGs
[2026-08-02T19:03:13.187+0000] {logging_mixin.py:188} INFO - [2026-08-02T19:03:13.187+0000] {dag.py:3947} INFO - Setting next_dagrun for conditional_dataset_and_time_based_timetable to 2026-07-29 01:00:00+00:00, run_after=2026-07-29 01:00:00+00:00
[2026-08-02T19:03:13.191+0000] {logging_mixin.py:188} INFO - [2026-08-02T19:03:13.191+0000] {dag.py:3947} INFO - Setting next_dagrun for consume_1_and_2_with_dataset_expressions to None, run_after=None
[2026-08-02T19:03:13.193+0000] {logging_mixin.py:188} INFO - [2026-08-02T19:03:13.193+0000] {dag.py:3947} INFO - Setting next_dagrun for consume_1_or_2_with_dataset_expressions to None, run_after=None
[2026-08-02T19:03:13.194+0000] {logging_mixin.py:188} INFO - [2026-08-02T19:03:13.194+0000] {dag.py:3947} INFO - Setting next_dagrun for consume_1_or_both_2_and_3_with_dataset_expressions to None, run_after=None
[2026-08-02T19:03:13.196+0000] {logging_mixin.py:188} INFO - [2026-08-02T19:03:13.196+0000] {dag.py:3947} INFO - Setting next_dagrun for dataset_consumes_1 to None, run_after=None
[2026-08-02T19:03:13.198+0000] {logging_mixin.py:188} INFO - [2026-08-02T19:03:13.197+0000] {dag.py:3947} INFO - Setting next_dagrun for dataset_consumes_1_and_2 to None, run_after=None
[2026-08-02T19:03:13.199+0000] {logging_mixin.py:188} INFO - [2026-08-02T19:03:13.199+0000] {dag.py:3947} INFO - Setting next_dagrun for dataset_consumes_1_never_scheduled to None, run_after=None
[2026-08-02T19:03:13.201+0000] {logging_mixin.py:188} INFO - [2026-08-02T19:03:13.200+0000] {dag.py:3947} INFO - Setting next_dagrun for dataset_consumes_unknown_never_scheduled to None, run_after=None
[2026-08-02T19:03:13.203+0000] {logging_mixin.py:188} INFO - [2026-08-02T19:03:13.203+0000] {dag.py:3947} INFO - Setting next_dagrun for dataset_produces_1 to 2026-08-01 00:00:00+00:00, run_after=2026-08-02 00:00:00+00:00
[2026-08-02T19:03:13.204+0000] {logging_mixin.py:188} INFO - [2026-08-02T19:03:13.204+0000] {dag.py:3947} INFO - Setting next_dagrun for dataset_produces_2 to None, run_after=None
[2026-08-02T19:03:13.240+0000] {processor.py:183} INFO - Processing /home/airflow/.local/lib/python3.12/site-packages/airflow/example_dags/example_datasets.py took 0.149 seconds
[2026-08-02T19:03:43.851+0000] {processor.py:161} INFO - Started process (PID=506) to work on /home/airflow/.local/lib/python3.12/site-packages/airflow/example_dags/example_datasets.py
[2026-08-02T19:03:43.852+0000] {processor.py:830} INFO - Processing file /home/airflow/.local/lib/python3.12/site-packages/airflow/example_dags/example_datasets.py for tasks to queue
[2026-08-02T19:03:43.856+0000] {logging_mixin.py:188} INFO - [2026-08-02T19:03:43.855+0000] {dagbag.py:545} INFO - Filling up the DagBag from /home/airflow/.local/lib/python3.12/site-packages/airflow/example_dags/example_datasets.py
[2026-08-02T19:03:43.876+0000] {processor.py:840} INFO - DAG(s) 'dataset_consumes_1_never_scheduled', 'dataset_consumes_1', 'consume_1_or_both_2_and_3_with_dataset_expressions', 'conditional_dataset_and_time_based_timetable', 'consume_1_or_2_with_dataset_expressions', 'dataset_consumes_1_and_2', 'dataset_produces_2', 'dataset_produces_1', 'dataset_consumes_unknown_never_scheduled', 'consume_1_and_2_with_dataset_expressions' retrieved from /home/airflow/.local/lib/python3.12/site-packages/airflow/example_dags/example_datasets.py
[2026-08-02T19:03:43.916+0000] {logging_mixin.py:188} INFO - [2026-08-02T19:03:43.916+0000] {dag.py:3089} INFO - Sync 10 DAGs
[2026-08-02T19:03:43.941+0000] {logging_mixin.py:188} INFO - [2026-08-02T19:03:43.941+0000] {dag.py:3947} INFO - Setting next_dagrun for conditional_dataset_and_time_based_timetable to 2026-07-29 01:00:00+00:00, run_after=2026-07-29 01:00:00+00:00
[2026-08-02T19:03:43.946+0000] {logging_mixin.py:188} INFO - [2026-08-02T19:03:43.946+0000] {dag.py:3947} INFO - Setting next_dagrun for consume_1_and_2_with_dataset_expressions to None, run_after=None
[2026-08-02T19:03:43.948+0000] {logging_mixin.py:188} INFO - [2026-08-02T19:03:43.948+0000] {dag.py:3947} INFO - Setting next_dagrun for consume_1_or_2_with_dataset_expressions to None, run_after=None
[2026-08-02T19:03:43.949+0000] {logging_mixin.py:188} INFO - [2026-08-02T19:03:43.949+0000] {dag.py:3947} INFO - Setting next_dagrun for consume_1_or_both_2_and_3_with_dataset_expressions to None, run_after=None
[2026-08-02T19:03:43.951+0000] {logging_mixin.py:188} INFO - [2026-08-02T19:03:43.951+0000] {dag.py:3947} INFO - Setting next_dagrun for dataset_consumes_1 to None, run_after=None
[2026-08-02T19:03:43.952+0000] {logging_mixin.py:188} INFO - [2026-08-02T19:03:43.952+0000] {dag.py:3947} INFO - Setting next_dagrun for dataset_consumes_1_and_2 to None, run_after=None
[2026-08-02T19:03:43.954+0000] {logging_mixin.py:188} INFO - [2026-08-02T19:03:43.954+0000] {dag.py:3947} INFO - Setting next_dagrun for dataset_consumes_1_never_scheduled to None, run_after=None
[2026-08-02T19:03:43.956+0000] {logging_mixin.py:188} INFO - [2026-08-02T19:03:43.956+0000] {dag.py:3947} INFO - Setting next_dagrun for dataset_consumes_unknown_never_scheduled to None, run_after=None
[2026-08-02T19:03:43.958+0000] {logging_mixin.py:188} INFO - [2026-08-02T19:03:43.958+0000] {dag.py:3947} INFO - Setting next_dagrun for dataset_produces_1 to 2026-08-01 00:00:00+00:00, run_after=2026-08-02 00:00:00+00:00
[2026-08-02T19:03:43.960+0000] {logging_mixin.py:188} INFO - [2026-08-02T19:03:43.959+0000] {dag.py:3947} INFO - Setting next_dagrun for dataset_produces_2 to None, run_after=None
[2026-08-02T19:03:43.994+0000] {processor.py:183} INFO - Processing /home/airflow/.local/lib/python3.12/site-packages/airflow/example_dags/example_datasets.py took 0.154 seconds
[2026-08-02T19:04:14.720+0000] {processor.py:161} INFO - Started process (PID=562) to work on /home/airflow/.local/lib/python3.12/site-packages/airflow/example_dags/example_datasets.py
[2026-08-02T19:04:14.721+0000] {processor.py:830} INFO - Processing file /home/airflow/.local/lib/python3.12/site-packages/airflow/example_dags/example_datasets.py for tasks to queue
[2026-08-02T19:04:14.724+0000] {logging_mixin.py:188} INFO - [2026-08-02T19:04:14.724+0000] {dagbag.py:545} INFO - Filling up the DagBag from /home/airflow/.local/lib/python3.12/site-packages/airflow/example_dags/example_datasets.py
[2026-08-02T19:04:14.740+0000] {processor.py:840} INFO - DAG(s) 'conditional_dataset_and_time_based_timetable', 'dataset_produces_1', 'consume_1_or_both_2_and_3_with_dataset_expressions', 'consume_1_and_2_with_dataset_expressions', 'consume_1_or_2_with_dataset_expressions', 'dataset_consumes_1', 'dataset_produces_2', 'dataset_consumes_1_never_scheduled', 'dataset_consumes_1_and_2', 'dataset_consumes_unknown_never_scheduled' retrieved from /home/airflow/.local/lib/python3.12/site-packages/airflow/example_dags/example_datasets.py
[2026-08-02T19:04:14.795+0000] {logging_mixin.py:188} INFO - [2026-08-02T19:04:14.794+0000] {dag.py:3089} INFO - Sync 10 DAGs
[2026-08-02T19:04:14.818+0000] {logging_mixin.py:188} INFO - [2026-08-02T19:04:14.818+0000] {dag.py:3947} INFO - Setting next_dagrun for conditional_dataset_and_time_based_timetable to 2026-07-29 01:00:00+00:00, run_after=2026-07-29 01:00:00+00:00
[2026-08-02T19:04:14.822+0000] {logging_mixin.py:188} INFO - [2026-08-02T19:04:14.822+0000] {dag.py:3947} INFO - Setting next_dagrun for consume_1_and_2_with_dataset_expressions to None, run_after=None
[2026-08-02T19:04:14.824+0000] {logging_mixin.py:188} INFO - [2026-08-02T19:04:14.824+0000] {dag.py:3947} INFO - Setting next_dagrun for consume_1_or_2_with_dataset_expressions to None, run_after=None
[2026-08-02T19:04:14.827+0000] {logging_mixin.py:188} INFO - [2026-08-02T19:04:14.827+0000] {dag.py:3947} INFO - Setting next_dagrun for consume_1_or_both_2_and_3_with_dataset_expressions to None, run_after=None
[2026-08-02T19:04:14.829+0000] {logging_mixin.py:188} INFO - [2026-08-02T19:04:14.829+0000] {dag.py:3947} INFO - Setting next_dagrun for dataset_consumes_1 to None, run_after=None
[2026-08-02T19:04:14.830+0000] {logging_mixin.py:188} INFO - [2026-08-02T19:04:14.830+0000] {dag.py:3947} INFO - Setting next_dagrun for dataset_consumes_1_and_2 to None, run_after=None
[2026-08-02T19:04:14.832+0000] {logging_mixin.py:188} INFO - [2026-08-02T19:04:14.832+0000] {dag.py:3947} INFO - Setting next_dagrun for dataset_consumes_1_never_scheduled to None, run_after=None
[2026-08-02T19:04:14.834+0000] {logging_mixin.py:188} INFO - [2026-08-02T19:04:14.834+0000] {dag.py:3947} INFO - Setting next_dagrun for dataset_consumes_unknown_never_scheduled to None, run_after=None
[2026-08-02T19:04:14.838+0000] {logging_mixin.py:188} INFO - [2026-08-02T19:04:14.837+0000] {dag.py:3947} INFO - Setting next_dagrun for dataset_produces_1 to 2026-08-01 00:00:00+00:00, run_after=2026-08-02 00:00:00+00:00
[2026-08-02T19:04:14.839+0000] {logging_mixin.py:188} INFO - [2026-08-02T19:04:14.839+0000] {dag.py:3947} INFO - Setting next_dagrun for dataset_produces_2 to None, run_after=None
[2026-08-02T19:04:14.875+0000] {processor.py:183} INFO - Processing /home/airflow/.local/lib/python3.12/site-packages/airflow/example_dags/example_datasets.py took 0.162 seconds
[2026-08-02T19:04:45.314+0000] {processor.py:161} INFO - Started process (PID=621) to work on /home/airflow/.local/lib/python3.12/site-packages/airflow/example_dags/example_datasets.py
[2026-08-02T19:04:45.316+0000] {processor.py:830} INFO - Processing file /home/airflow/.local/lib/python3.12/site-packages/airflow/example_dags/example_datasets.py for tasks to queue
[2026-08-02T19:04:45.318+0000] {logging_mixin.py:188} INFO - [2026-08-02T19:04:45.318+0000] {dagbag.py:545} INFO - Filling up the DagBag from /home/airflow/.local/lib/python3.12/site-packages/airflow/example_dags/example_datasets.py
[2026-08-02T19:04:45.330+0000] {processor.py:840} INFO - DAG(s) 'dataset_consumes_1_and_2', 'consume_1_and_2_with_dataset_expressions', 'dataset_produces_1', 'dataset_consumes_1', 'dataset_produces_2', 'dataset_consumes_unknown_never_scheduled', 'dataset_consumes_1_never_scheduled', 'consume_1_or_both_2_and_3_with_dataset_expressions', 'consume_1_or_2_with_dataset_expressions', 'conditional_dataset_and_time_based_timetable' retrieved from /home/airflow/.local/lib/python3.12/site-packages/airflow/example_dags/example_datasets.py
[2026-08-02T19:04:45.374+0000] {logging_mixin.py:188} INFO - [2026-08-02T19:04:45.374+0000] {dag.py:3089} INFO - Sync 10 DAGs
[2026-08-02T19:04:45.395+0000] {logging_mixin.py:188} INFO - [2026-08-02T19:04:45.394+0000] {dag.py:3947} INFO - Setting next_dagrun for conditional_dataset_and_time_based_timetable to 2026-07-29 01:00:00+00:00, run_after=2026-07-29 01:00:00+00:00
[2026-08-02T19:04:45.399+0000] {logging_mixin.py:188} INFO - [2026-08-02T19:04:45.399+0000] {dag.py:3947} INFO - Setting next_dagrun for consume_1_and_2_with_dataset_expressions to None, run_after=None
[2026-08-02T19:04:45.401+0000] {logging_mixin.py:188} INFO - [2026-08-02T19:04:45.401+0000] {dag.py:3947} INFO - Setting next_dagrun for consume_1_or_2_with_dataset_expressions to None, run_after=None
[2026-08-02T19:04:45.403+0000] {logging_mixin.py:188} INFO - [2026-08-02T19:04:45.403+0000] {dag.py:3947} INFO - Setting next_dagrun for consume_1_or_both_2_and_3_with_dataset_expressions to None, run_after=None
[2026-08-02T19:04:45.405+0000] {logging_mixin.py:188} INFO - [2026-08-02T19:04:45.405+0000] {dag.py:3947} INFO - Setting next_dagrun for dataset_consumes_1 to None, run_after=None
[2026-08-02T19:04:45.407+0000] {logging_mixin.py:188} INFO - [2026-08-02T19:04:45.407+0000] {dag.py:3947} INFO - Setting next_dagrun for dataset_consumes_1_and_2 to None, run_after=None
[2026-08-02T19:04:45.408+0000] {logging_mixin.py:188} INFO - [2026-08-02T19:04:45.408+0000] {dag.py:3947} INFO - Setting next_dagrun for dataset_consumes_1_never_scheduled to None, run_after=None
[2026-08-02T19:04:45.410+0000] {logging_mixin.py:188} INFO - [2026-08-02T19:04:45.410+0000] {dag.py:3947} INFO - Setting next_dagrun for dataset_consumes_unknown_never_scheduled to None, run_after=None
[2026-08-02T19:04:45.413+0000] {logging_mixin.py:188} INFO - [2026-08-02T19:04:45.413+0000] {dag.py:3947} INFO - Setting next_dagrun for dataset_produces_1 to 2026-08-01 00:00:00+00:00, run_after=2026-08-02 00:00:00+00:00
[2026-08-02T19:04:45.415+0000] {logging_mixin.py:188} INFO - [2026-08-02T19:04:45.415+0000] {dag.py:3947} INFO - Setting next_dagrun for dataset_produces_2 to None, run_after=None
[2026-08-02T19:04:45.454+0000] {processor.py:183} INFO - Processing /home/airflow/.local/lib/python3.12/site-packages/airflow/example_dags/example_datasets.py took 0.145 seconds
[2026-08-02T19:05:15.976+0000] {processor.py:161} INFO - Started process (PID=680) to work on /home/airflow/.local/lib/python3.12/site-packages/airflow/example_dags/example_datasets.py
[2026-08-02T19:05:15.978+0000] {processor.py:830} INFO - Processing file /home/airflow/.local/lib/python3.12/site-packages/airflow/example_dags/example_datasets.py for tasks to queue
[2026-08-02T19:05:15.981+0000] {logging_mixin.py:188} INFO - [2026-08-02T19:05:15.981+0000] {dagbag.py:545} INFO - Filling up the DagBag from /home/airflow/.local/lib/python3.12/site-packages/airflow/example_dags/example_datasets.py
[2026-08-02T19:05:15.996+0000] {processor.py:840} INFO - DAG(s) 'dataset_consumes_1', 'dataset_consumes_unknown_never_scheduled', 'dataset_consumes_1_never_scheduled', 'consume_1_or_2_with_dataset_expressions', 'conditional_dataset_and_time_based_timetable', 'dataset_consumes_1_and_2', 'consume_1_or_both_2_and_3_with_dataset_expressions', 'dataset_produces_2', 'dataset_produces_1', 'consume_1_and_2_with_dataset_expressions' retrieved from /home/airflow/.local/lib/python3.12/site-packages/airflow/example_dags/example_datasets.py
[2026-08-02T19:05:16.050+0000] {logging_mixin.py:188} INFO - [2026-08-02T19:05:16.050+0000] {dag.py:3089} INFO - Sync 10 DAGs
[2026-08-02T19:05:16.074+0000] {logging_mixin.py:188} INFO - [2026-08-02T19:05:16.074+0000] {dag.py:3947} INFO - Setting next_dagrun for conditional_dataset_and_time_based_timetable to 2026-07-29 01:00:00+00:00, run_after=2026-07-29 01:00:00+00:00
[2026-08-02T19:05:16.079+0000] {logging_mixin.py:188} INFO - [2026-08-02T19:05:16.079+0000] {dag.py:3947} INFO - Setting next_dagrun for consume_1_and_2_with_dataset_expressions to None, run_after=None
[2026-08-02T19:05:16.082+0000] {logging_mixin.py:188} INFO - [2026-08-02T19:05:16.081+0000] {dag.py:3947} INFO - Setting next_dagrun for consume_1_or_2_with_dataset_expressions to None, run_after=None
[2026-08-02T19:05:16.084+0000] {logging_mixin.py:188} INFO - [2026-08-02T19:05:16.084+0000] {dag.py:3947} INFO - Setting next_dagrun for consume_1_or_both_2_and_3_with_dataset_expressions to None, run_after=None
[2026-08-02T19:05:16.085+0000] {logging_mixin.py:188} INFO - [2026-08-02T19:05:16.085+0000] {dag.py:3947} INFO - Setting next_dagrun for dataset_consumes_1 to None, run_after=None
[2026-08-02T19:05:16.087+0000] {logging_mixin.py:188} INFO - [2026-08-02T19:05:16.087+0000] {dag.py:3947} INFO - Setting next_dagrun for dataset_consumes_1_and_2 to None, run_after=None
[2026-08-02T19:05:16.089+0000] {logging_mixin.py:188} INFO - [2026-08-02T19:05:16.089+0000] {dag.py:3947} INFO - Setting next_dagrun for dataset_consumes_1_never_scheduled to None, run_after=None
[2026-08-02T19:05:16.091+0000] {logging_mixin.py:188} INFO - [2026-08-02T19:05:16.090+0000] {dag.py:3947} INFO - Setting next_dagrun for dataset_consumes_unknown_never_scheduled to None, run_after=None
[2026-08-02T19:05:16.093+0000] {logging_mixin.py:188} INFO - [2026-08-02T19:05:16.093+0000] {dag.py:3947} INFO - Setting next_dagrun for dataset_produces_1 to 2026-08-01 00:00:00+00:00, run_after=2026-08-02 00:00:00+00:00
[2026-08-02T19:05:16.096+0000] {logging_mixin.py:188} INFO - [2026-08-02T19:05:16.096+0000] {dag.py:3947} INFO - Setting next_dagrun for dataset_produces_2 to None, run_after=None
[2026-08-02T19:05:16.132+0000] {processor.py:183} INFO - Processing /home/airflow/.local/lib/python3.12/site-packages/airflow/example_dags/example_datasets.py took 0.162 seconds
[2026-08-02T19:05:46.552+0000] {processor.py:161} INFO - Started process (PID=739) to work on /home/airflow/.local/lib/python3.12/site-packages/airflow/example_dags/example_datasets.py
[2026-08-02T19:05:46.554+0000] {processor.py:830} INFO - Processing file /home/airflow/.local/lib/python3.12/site-packages/airflow/example_dags/example_datasets.py for tasks to queue
[2026-08-02T19:05:46.556+0000] {logging_mixin.py:188} INFO - [2026-08-02T19:05:46.556+0000] {dagbag.py:545} INFO - Filling up the DagBag from /home/airflow/.local/lib/python3.12/site-packages/airflow/example_dags/example_datasets.py
[2026-08-02T19:05:46.569+0000] {processor.py:840} INFO - DAG(s) 'consume_1_and_2_with_dataset_expressions', 'dataset_consumes_1_and_2', 'dataset_produces_1', 'dataset_produces_2', 'conditional_dataset_and_time_based_timetable', 'consume_1_or_both_2_and_3_with_dataset_expressions', 'consume_1_or_2_with_dataset_expressions', 'dataset_consumes_1_never_scheduled', 'dataset_consumes_1', 'dataset_consumes_unknown_never_scheduled' retrieved from /home/airflow/.local/lib/python3.12/site-packages/airflow/example_dags/example_datasets.py
[2026-08-02T19:05:46.625+0000] {logging_mixin.py:188} INFO - [2026-08-02T19:05:46.625+0000] {dag.py:3089} INFO - Sync 10 DAGs
[2026-08-02T19:05:46.648+0000] {logging_mixin.py:188} INFO - [2026-08-02T19:05:46.648+0000] {dag.py:3947} INFO - Setting next_dagrun for conditional_dataset_and_time_based_timetable to 2026-07-29 01:00:00+00:00, run_after=2026-07-29 01:00:00+00:00
[2026-08-02T19:05:46.654+0000] {logging_mixin.py:188} INFO - [2026-08-02T19:05:46.654+0000] {dag.py:3947} INFO - Setting next_dagrun for consume_1_and_2_with_dataset_expressions to None, run_after=None
[2026-08-02T19:05:46.663+0000] {logging_mixin.py:188} INFO - [2026-08-02T19:05:46.663+0000] {dag.py:3947} INFO - Setting next_dagrun for consume_1_or_2_with_dataset_expressions to None, run_after=None
[2026-08-02T19:05:46.666+0000] {logging_mixin.py:188} INFO - [2026-08-02T19:05:46.666+0000] {dag.py:3947} INFO - Setting next_dagrun for consume_1_or_both_2_and_3_with_dataset_expressions to None, run_after=None
[2026-08-02T19:05:46.669+0000] {logging_mixin.py:188} INFO - [2026-08-02T19:05:46.669+0000] {dag.py:3947} INFO - Setting next_dagrun for dataset_consumes_1 to None, run_after=None
[2026-08-02T19:05:46.672+0000] {logging_mixin.py:188} INFO - [2026-08-02T19:05:46.672+0000] {dag.py:3947} INFO - Setting next_dagrun for dataset_consumes_1_and_2 to None, run_after=None
[2026-08-02T19:05:46.675+0000] {logging_mixin.py:188} INFO - [2026-08-02T19:05:46.674+0000] {dag.py:3947} INFO - Setting next_dagrun for dataset_consumes_1_never_scheduled to None, run_after=None
[2026-08-02T19:05:46.677+0000] {logging_mixin.py:188} INFO - [2026-08-02T19:05:46.677+0000] {dag.py:3947} INFO - Setting next_dagrun for dataset_consumes_unknown_never_scheduled to None, run_after=None
[2026-08-02T19:05:46.681+0000] {logging_mixin.py:188} INFO - [2026-08-02T19:05:46.681+0000] {dag.py:3947} INFO - Setting next_dagrun for dataset_produces_1 to 2026-08-01 00:00:00+00:00, run_after=2026-08-02 00:00:00+00:00
[2026-08-02T19:05:46.683+0000] {logging_mixin.py:188} INFO - [2026-08-02T19:05:46.683+0000] {dag.py:3947} INFO - Setting next_dagrun for dataset_produces_2 to None, run_after=None
[2026-08-02T19:05:46.718+0000] {processor.py:183} INFO - Processing /home/airflow/.local/lib/python3.12/site-packages/airflow/example_dags/example_datasets.py took 0.172 seconds
[2026-08-02T19:06:17.107+0000] {processor.py:161} INFO - Started process (PID=798) to work on /home/airflow/.local/lib/python3.12/site-packages/airflow/example_dags/example_datasets.py
[2026-08-02T19:06:17.108+0000] {processor.py:830} INFO - Processing file /home/airflow/.local/lib/python3.12/site-packages/airflow/example_dags/example_datasets.py for tasks to queue
[2026-08-02T19:06:17.111+0000] {logging_mixin.py:188} INFO - [2026-08-02T19:06:17.110+0000] {dagbag.py:545} INFO - Filling up the DagBag from /home/airflow/.local/lib/python3.12/site-packages/airflow/example_dags/example_datasets.py
[2026-08-02T19:06:17.124+0000] {processor.py:840} INFO - DAG(s) 'dataset_consumes_unknown_never_scheduled', 'consume_1_and_2_with_dataset_expressions', 'conditional_dataset_and_time_based_timetable', 'consume_1_or_both_2_and_3_with_dataset_expressions', 'dataset_consumes_1_never_scheduled', 'dataset_consumes_1_and_2', 'dataset_produces_1', 'dataset_produces_2', 'consume_1_or_2_with_dataset_expressions', 'dataset_consumes_1' retrieved from /home/airflow/.local/lib/python3.12/site-packages/airflow/example_dags/example_datasets.py
[2026-08-02T19:06:17.168+0000] {logging_mixin.py:188} INFO - [2026-08-02T19:06:17.168+0000] {dag.py:3089} INFO - Sync 10 DAGs
[2026-08-02T19:06:17.190+0000] {logging_mixin.py:188} INFO - [2026-08-02T19:06:17.190+0000] {dag.py:3947} INFO - Setting next_dagrun for conditional_dataset_and_time_based_timetable to 2026-07-29 01:00:00+00:00, run_after=2026-07-29 01:00:00+00:00
[2026-08-02T19:06:17.194+0000] {logging_mixin.py:188} INFO - [2026-08-02T19:06:17.194+0000] {dag.py:3947} INFO - Setting next_dagrun for consume_1_and_2_with_dataset_expressions to None, run_after=None
[2026-08-02T19:06:17.196+0000] {logging_mixin.py:188} INFO - [2026-08-02T19:06:17.196+0000] {dag.py:3947} INFO - Setting next_dagrun for consume_1_or_2_with_dataset_expressions to None, run_after=None
[2026-08-02T19:06:17.198+0000] {logging_mixin.py:188} INFO - [2026-08-02T19:06:17.198+0000] {dag.py:3947} INFO - Setting next_dagrun for consume_1_or_both_2_and_3_with_dataset_expressions to None, run_after=None
[2026-08-02T19:06:17.200+0000] {logging_mixin.py:188} INFO - [2026-08-02T19:06:17.200+0000] {dag.py:3947} INFO - Setting next_dagrun for dataset_consumes_1 to None, run_after=None
[2026-08-02T19:06:17.202+0000] {logging_mixin.py:188} INFO - [2026-08-02T19:06:17.201+0000] {dag.py:3947} INFO - Setting next_dagrun for dataset_consumes_1_and_2 to None, run_after=None
[2026-08-02T19:06:17.203+0000] {logging_mixin.py:188} INFO - [2026-08-02T19:06:17.203+0000] {dag.py:3947} INFO - Setting next_dagrun for dataset_consumes_1_never_scheduled to None, run_after=None
[2026-08-02T19:06:17.204+0000] {logging_mixin.py:188} INFO - [2026-08-02T19:06:17.204+0000] {dag.py:3947} INFO - Setting next_dagrun for dataset_consumes_unknown_never_scheduled to None, run_after=None
[2026-08-02T19:06:17.207+0000] {logging_mixin.py:188} INFO - [2026-08-02T19:06:17.207+0000] {dag.py:3947} INFO - Setting next_dagrun for dataset_produces_1 to 2026-08-01 00:00:00+00:00, run_after=2026-08-02 00:00:00+00:00
[2026-08-02T19:06:17.209+0000] {logging_mixin.py:188} INFO - [2026-08-02T19:06:17.209+0000] {dag.py:3947} INFO - Setting next_dagrun for dataset_produces_2 to None, run_after=None
[2026-08-02T19:06:17.242+0000] {processor.py:183} INFO - Processing /home/airflow/.local/lib/python3.12/site-packages/airflow/example_dags/example_datasets.py took 0.141 seconds
[2026-08-02T19:06:47.808+0000] {processor.py:161} INFO - Started process (PID=857) to work on /home/airflow/.local/lib/python3.12/site-packages/airflow/example_dags/example_datasets.py
[2026-08-02T19:06:47.809+0000] {processor.py:830} INFO - Processing file /home/airflow/.local/lib/python3.12/site-packages/airflow/example_dags/example_datasets.py for tasks to queue
[2026-08-02T19:06:47.812+0000] {logging_mixin.py:188} INFO - [2026-08-02T19:06:47.811+0000] {dagbag.py:545} INFO - Filling up the DagBag from /home/airflow/.local/lib/python3.12/site-packages/airflow/example_dags/example_datasets.py
[2026-08-02T19:06:47.825+0000] {processor.py:840} INFO - DAG(s) 'dataset_consumes_unknown_never_scheduled', 'consume_1_or_2_with_dataset_expressions', 'dataset_consumes_1_and_2', 'consume_1_or_both_2_and_3_with_dataset_expressions', 'dataset_consumes_1_never_scheduled', 'consume_1_and_2_with_dataset_expressions', 'conditional_dataset_and_time_based_timetable', 'dataset_produces_2', 'dataset_produces_1', 'dataset_consumes_1' retrieved from /home/airflow/.local/lib/python3.12/site-packages/airflow/example_dags/example_datasets.py
[2026-08-02T19:06:47.868+0000] {logging_mixin.py:188} INFO - [2026-08-02T19:06:47.867+0000] {dag.py:3089} INFO - Sync 10 DAGs
[2026-08-02T19:06:47.889+0000] {logging_mixin.py:188} INFO - [2026-08-02T19:06:47.889+0000] {dag.py:3947} INFO - Setting next_dagrun for conditional_dataset_and_time_based_timetable to 2026-07-29 01:00:00+00:00, run_after=2026-07-29 01:00:00+00:00
[2026-08-02T19:06:47.893+0000] {logging_mixin.py:188} INFO - [2026-08-02T19:06:47.893+0000] {dag.py:3947} INFO - Setting next_dagrun for consume_1_and_2_with_dataset_expressions to None, run_after=None
[2026-08-02T19:06:47.897+0000] {logging_mixin.py:188} INFO - [2026-08-02T19:06:47.897+0000] {dag.py:3947} INFO - Setting next_dagrun for consume_1_or_2_with_dataset_expressions to None, run_after=None
[2026-08-02T19:06:47.899+0000] {logging_mixin.py:188} INFO - [2026-08-02T19:06:47.899+0000] {dag.py:3947} INFO - Setting next_dagrun for consume_1_or_both_2_and_3_with_dataset_expressions to None, run_after=None
[2026-08-02T19:06:47.901+0000] {logging_mixin.py:188} INFO - [2026-08-02T19:06:47.901+0000] {dag.py:3947} INFO - Setting next_dagrun for dataset_consumes_1 to None, run_after=None
[2026-08-02T19:06:47.902+0000] {logging_mixin.py:188} INFO - [2026-08-02T19:06:47.902+0000] {dag.py:3947} INFO - Setting next_dagrun for dataset_consumes_1_and_2 to None, run_after=None
[2026-08-02T19:06:47.904+0000] {logging_mixin.py:188} INFO - [2026-08-02T19:06:47.904+0000] {dag.py:3947} INFO - Setting next_dagrun for dataset_consumes_1_never_scheduled to None, run_after=None
[2026-08-02T19:06:47.906+0000] {logging_mixin.py:188} INFO - [2026-08-02T19:06:47.906+0000] {dag.py:3947} INFO - Setting next_dagrun for dataset_consumes_unknown_never_scheduled to None, run_after=None
[2026-08-02T19:06:47.908+0000] {logging_mixin.py:188} INFO - [2026-08-02T19:06:47.908+0000] {dag.py:3947} INFO - Setting next_dagrun for dataset_produces_1 to 2026-08-01 00:00:00+00:00, run_after=2026-08-02 00:00:00+00:00
[2026-08-02T19:06:47.910+0000] {logging_mixin.py:188} INFO - [2026-08-02T19:06:47.910+0000] {dag.py:3947} INFO - Setting next_dagrun for dataset_produces_2 to None, run_after=None
[2026-08-02T19:06:47.940+0000] {processor.py:183} INFO - Processing /home/airflow/.local/lib/python3.12/site-packages/airflow/example_dags/example_datasets.py took 0.137 seconds
[2026-08-02T19:07:18.318+0000] {processor.py:161} INFO - Started process (PID=916) to work on /home/airflow/.local/lib/python3.12/site-packages/airflow/example_dags/example_datasets.py
[2026-08-02T19:07:18.320+0000] {processor.py:830} INFO - Processing file /home/airflow/.local/lib/python3.12/site-packages/airflow/example_dags/example_datasets.py for tasks to queue
[2026-08-02T19:07:18.322+0000] {logging_mixin.py:188} INFO - [2026-08-02T19:07:18.322+0000] {dagbag.py:545} INFO - Filling up the DagBag from /home/airflow/.local/lib/python3.12/site-packages/airflow/example_dags/example_datasets.py
[2026-08-02T19:07:18.336+0000] {processor.py:840} INFO - DAG(s) 'dataset_consumes_1', 'consume_1_or_both_2_and_3_with_dataset_expressions', 'dataset_consumes_1_never_scheduled', 'consume_1_or_2_with_dataset_expressions', 'consume_1_and_2_with_dataset_expressions', 'dataset_consumes_unknown_never_scheduled', 'dataset_produces_1', 'dataset_consumes_1_and_2', 'dataset_produces_2', 'conditional_dataset_and_time_based_timetable' retrieved from /home/airflow/.local/lib/python3.12/site-packages/airflow/example_dags/example_datasets.py
[2026-08-02T19:07:18.385+0000] {logging_mixin.py:188} INFO - [2026-08-02T19:07:18.385+0000] {dag.py:3089} INFO - Sync 10 DAGs
[2026-08-02T19:07:18.407+0000] {logging_mixin.py:188} INFO - [2026-08-02T19:07:18.407+0000] {dag.py:3947} INFO - Setting next_dagrun for conditional_dataset_and_time_based_timetable to 2026-07-29 01:00:00+00:00, run_after=2026-07-29 01:00:00+00:00
[2026-08-02T19:07:18.413+0000] {logging_mixin.py:188} INFO - [2026-08-02T19:07:18.413+0000] {dag.py:3947} INFO - Setting next_dagrun for consume_1_and_2_with_dataset_expressions to None, run_after=None
[2026-08-02T19:07:18.415+0000] {logging_mixin.py:188} INFO - [2026-08-02T19:07:18.415+0000] {dag.py:3947} INFO - Setting next_dagrun for consume_1_or_2_with_dataset_expressions to None, run_after=None
[2026-08-02T19:07:18.417+0000] {logging_mixin.py:188} INFO - [2026-08-02T19:07:18.417+0000] {dag.py:3947} INFO - Setting next_dagrun for consume_1_or_both_2_and_3_with_dataset_expressions to None, run_after=None
[2026-08-02T19:07:18.418+0000] {logging_mixin.py:188} INFO - [2026-08-02T19:07:18.418+0000] {dag.py:3947} INFO - Setting next_dagrun for dataset_consumes_1 to None, run_after=None
[2026-08-02T19:07:18.420+0000] {logging_mixin.py:188} INFO - [2026-08-02T19:07:18.419+0000] {dag.py:3947} INFO - Setting next_dagrun for dataset_consumes_1_and_2 to None, run_after=None
[2026-08-02T19:07:18.421+0000] {logging_mixin.py:188} INFO - [2026-08-02T19:07:18.421+0000] {dag.py:3947} INFO - Setting next_dagrun for dataset_consumes_1_never_scheduled to None, run_after=None
[2026-08-02T19:07:18.422+0000] {logging_mixin.py:188} INFO - [2026-08-02T19:07:18.422+0000] {dag.py:3947} INFO - Setting next_dagrun for dataset_consumes_unknown_never_scheduled to None, run_after=None
[2026-08-02T19:07:18.425+0000] {logging_mixin.py:188} INFO - [2026-08-02T19:07:18.425+0000] {dag.py:3947} INFO - Setting next_dagrun for dataset_produces_1 to 2026-08-01 00:00:00+00:00, run_after=2026-08-02 00:00:00+00:00
[2026-08-02T19:07:18.427+0000] {logging_mixin.py:188} INFO - [2026-08-02T19:07:18.426+0000] {dag.py:3947} INFO - Setting next_dagrun for dataset_produces_2 to None, run_after=None
[2026-08-02T19:07:18.483+0000] {processor.py:183} INFO - Processing /home/airflow/.local/lib/python3.12/site-packages/airflow/example_dags/example_datasets.py took 0.173 seconds
[2026-08-02T19:07:48.934+0000] {processor.py:161} INFO - Started process (PID=975) to work on /home/airflow/.local/lib/python3.12/site-packages/airflow/example_dags/example_datasets.py
[2026-08-02T19:07:48.936+0000] {processor.py:830} INFO - Processing file /home/airflow/.local/lib/python3.12/site-packages/airflow/example_dags/example_datasets.py for tasks to queue
[2026-08-02T19:07:48.938+0000] {logging_mixin.py:188} INFO - [2026-08-02T19:07:48.938+0000] {dagbag.py:545} INFO - Filling up the DagBag from /home/airflow/.local/lib/python3.12/site-packages/airflow/example_dags/example_datasets.py
[2026-08-02T19:07:48.956+0000] {processor.py:840} INFO - DAG(s) 'dataset_consumes_unknown_never_scheduled', 'conditional_dataset_and_time_based_timetable', 'dataset_produces_2', 'dataset_consumes_1_never_scheduled', 'dataset_consumes_1', 'consume_1_and_2_with_dataset_expressions', 'dataset_produces_1', 'dataset_consumes_1_and_2', 'consume_1_or_2_with_dataset_expressions', 'consume_1_or_both_2_and_3_with_dataset_expressions' retrieved from /home/airflow/.local/lib/python3.12/site-packages/airflow/example_dags/example_datasets.py
[2026-08-02T19:07:49.005+0000] {logging_mixin.py:188} INFO - [2026-08-02T19:07:49.005+0000] {dag.py:3089} INFO - Sync 10 DAGs
[2026-08-02T19:07:49.028+0000] {logging_mixin.py:188} INFO - [2026-08-02T19:07:49.028+0000] {dag.py:3947} INFO - Setting next_dagrun for conditional_dataset_and_time_based_timetable to 2026-07-29 01:00:00+00:00, run_after=2026-07-29 01:00:00+00:00
[2026-08-02T19:07:49.032+0000] {logging_mixin.py:188} INFO - [2026-08-02T19:07:49.032+0000] {dag.py:3947} INFO - Setting next_dagrun for consume_1_and_2_with_dataset_expressions to None, run_after=None
[2026-08-02T19:07:49.034+0000] {logging_mixin.py:188} INFO - [2026-08-02T19:07:49.034+0000] {dag.py:3947} INFO - Setting next_dagrun for consume_1_or_2_with_dataset_expressions to None, run_after=None
[2026-08-02T19:07:49.036+0000] {logging_mixin.py:188} INFO - [2026-08-02T19:07:49.036+0000] {dag.py:3947} INFO - Setting next_dagrun for consume_1_or_both_2_and_3_with_dataset_expressions to None, run_after=None
[2026-08-02T19:07:49.037+0000] {logging_mixin.py:188} INFO - [2026-08-02T19:07:49.037+0000] {dag.py:3947} INFO - Setting next_dagrun for dataset_consumes_1 to None, run_after=None
[2026-08-02T19:07:49.039+0000] {logging_mixin.py:188} INFO - [2026-08-02T19:07:49.039+0000] {dag.py:3947} INFO - Setting next_dagrun for dataset_consumes_1_and_2 to None, run_after=None
[2026-08-02T19:07:49.042+0000] {logging_mixin.py:188} INFO - [2026-08-02T19:07:49.041+0000] {dag.py:3947} INFO - Setting next_dagrun for dataset_consumes_1_never_scheduled to None, run_after=None
[2026-08-02T19:07:49.044+0000] {logging_mixin.py:188} INFO - [2026-08-02T19:07:49.043+0000] {dag.py:3947} INFO - Setting next_dagrun for dataset_consumes_unknown_never_scheduled to None, run_after=None
[2026-08-02T19:07:49.047+0000] {logging_mixin.py:188} INFO - [2026-08-02T19:07:49.046+0000] {dag.py:3947} INFO - Setting next_dagrun for dataset_produces_1 to 2026-08-01 00:00:00+00:00, run_after=2026-08-02 00:00:00+00:00
[2026-08-02T19:07:49.049+0000] {logging_mixin.py:188} INFO - [2026-08-02T19:07:49.048+0000] {dag.py:3947} INFO - Setting next_dagrun for dataset_produces_2 to None, run_after=None
[2026-08-02T19:07:49.083+0000] {processor.py:183} INFO - Processing /home/airflow/.local/lib/python3.12/site-packages/airflow/example_dags/example_datasets.py took 0.155 seconds
[2026-08-02T19:08:19.192+0000] {processor.py:161} INFO - Started process (PID=1034) to work on /home/airflow/.local/lib/python3.12/site-packages/airflow/example_dags/example_datasets.py
[2026-08-02T19:08:19.194+0000] {processor.py:830} INFO - Processing file /home/airflow/.local/lib/python3.12/site-packages/airflow/example_dags/example_datasets.py for tasks to queue
[2026-08-02T19:08:19.197+0000] {logging_mixin.py:188} INFO - [2026-08-02T19:08:19.196+0000] {dagbag.py:545} INFO - Filling up the DagBag from /home/airflow/.local/lib/python3.12/site-packages/airflow/example_dags/example_datasets.py
[2026-08-02T19:08:19.212+0000] {processor.py:840} INFO - DAG(s) 'consume_1_or_2_with_dataset_expressions', 'consume_1_or_both_2_and_3_with_dataset_expressions', 'dataset_consumes_unknown_never_scheduled', 'dataset_consumes_1_and_2', 'conditional_dataset_and_time_based_timetable', 'consume_1_and_2_with_dataset_expressions', 'dataset_produces_1', 'dataset_consumes_1_never_scheduled', 'dataset_produces_2', 'dataset_consumes_1' retrieved from /home/airflow/.local/lib/python3.12/site-packages/airflow/example_dags/example_datasets.py
[2026-08-02T19:08:19.259+0000] {logging_mixin.py:188} INFO - [2026-08-02T19:08:19.259+0000] {dag.py:3089} INFO - Sync 10 DAGs
[2026-08-02T19:08:19.284+0000] {logging_mixin.py:188} INFO - [2026-08-02T19:08:19.284+0000] {dag.py:3947} INFO - Setting next_dagrun for conditional_dataset_and_time_based_timetable to 2026-07-29 01:00:00+00:00, run_after=2026-07-29 01:00:00+00:00
[2026-08-02T19:08:19.289+0000] {logging_mixin.py:188} INFO - [2026-08-02T19:08:19.289+0000] {dag.py:3947} INFO - Setting next_dagrun for consume_1_and_2_with_dataset_expressions to None, run_after=None
[2026-08-02T19:08:19.291+0000] {logging_mixin.py:188} INFO - [2026-08-02T19:08:19.290+0000] {dag.py:3947} INFO - Setting next_dagrun for consume_1_or_2_with_dataset_expressions to None, run_after=None
[2026-08-02T19:08:19.292+0000] {logging_mixin.py:188} INFO - [2026-08-02T19:08:19.292+0000] {dag.py:3947} INFO - Setting next_dagrun for consume_1_or_both_2_and_3_with_dataset_expressions to None, run_after=None
[2026-08-02T19:08:19.294+0000] {logging_mixin.py:188} INFO - [2026-08-02T19:08:19.294+0000] {dag.py:3947} INFO - Setting next_dagrun for dataset_consumes_1 to None, run_after=None
[2026-08-02T19:08:19.296+0000] {logging_mixin.py:188} INFO - [2026-08-02T19:08:19.296+0000] {dag.py:3947} INFO - Setting next_dagrun for dataset_consumes_1_and_2 to None, run_after=None
[2026-08-02T19:08:19.298+0000] {logging_mixin.py:188} INFO - [2026-08-02T19:08:19.298+0000] {dag.py:3947} INFO - Setting next_dagrun for dataset_consumes_1_never_scheduled to None, run_after=None
[2026-08-02T19:08:19.300+0000] {logging_mixin.py:188} INFO - [2026-08-02T19:08:19.300+0000] {dag.py:3947} INFO - Setting next_dagrun for dataset_consumes_unknown_never_scheduled to None, run_after=None
[2026-08-02T19:08:19.303+0000] {logging_mixin.py:188} INFO - [2026-08-02T19:08:19.303+0000] {dag.py:3947} INFO - Setting next_dagrun for dataset_produces_1 to 2026-08-01 00:00:00+00:00, run_after=2026-08-02 00:00:00+00:00
[2026-08-02T19:08:19.305+0000] {logging_mixin.py:188} INFO - [2026-08-02T19:08:19.305+0000] {dag.py:3947} INFO - Setting next_dagrun for dataset_produces_2 to None, run_after=None
[2026-08-02T19:08:19.339+0000] {processor.py:183} INFO - Processing /home/airflow/.local/lib/python3.12/site-packages/airflow/example_dags/example_datasets.py took 0.153 seconds
[2026-08-02T19:09:51.579+0000] {processor.py:161} INFO - Started process (PID=125) to work on /home/airflow/.local/lib/python3.12/site-packages/airflow/example_dags/example_datasets.py
[2026-08-02T19:09:51.581+0000] {processor.py:830} INFO - Processing file /home/airflow/.local/lib/python3.12/site-packages/airflow/example_dags/example_datasets.py for tasks to queue
[2026-08-02T19:09:51.584+0000] {logging_mixin.py:188} INFO - [2026-08-02T19:09:51.584+0000] {dagbag.py:545} INFO - Filling up the DagBag from /home/airflow/.local/lib/python3.12/site-packages/airflow/example_dags/example_datasets.py
[2026-08-02T19:09:51.604+0000] {processor.py:840} INFO - DAG(s) 'dataset_consumes_1_never_scheduled', 'dataset_consumes_1_and_2', 'dataset_consumes_1', 'dataset_produces_1', 'dataset_consumes_unknown_never_scheduled', 'consume_1_or_2_with_dataset_expressions', 'dataset_produces_2', 'consume_1_or_both_2_and_3_with_dataset_expressions', 'conditional_dataset_and_time_based_timetable', 'consume_1_and_2_with_dataset_expressions' retrieved from /home/airflow/.local/lib/python3.12/site-packages/airflow/example_dags/example_datasets.py
[2026-08-02T19:09:51.822+0000] {logging_mixin.py:188} INFO - [2026-08-02T19:09:51.822+0000] {dag.py:3089} INFO - Sync 10 DAGs
[2026-08-02T19:09:51.848+0000] {logging_mixin.py:188} INFO - [2026-08-02T19:09:51.848+0000] {dag.py:3947} INFO - Setting next_dagrun for conditional_dataset_and_time_based_timetable to 2026-07-29 01:00:00+00:00, run_after=2026-07-29 01:00:00+00:00
[2026-08-02T19:09:51.852+0000] {logging_mixin.py:188} INFO - [2026-08-02T19:09:51.852+0000] {dag.py:3947} INFO - Setting next_dagrun for consume_1_and_2_with_dataset_expressions to None, run_after=None
[2026-08-02T19:09:51.854+0000] {logging_mixin.py:188} INFO - [2026-08-02T19:09:51.854+0000] {dag.py:3947} INFO - Setting next_dagrun for consume_1_or_2_with_dataset_expressions to None, run_after=None
[2026-08-02T19:09:51.856+0000] {logging_mixin.py:188} INFO - [2026-08-02T19:09:51.856+0000] {dag.py:3947} INFO - Setting next_dagrun for consume_1_or_both_2_and_3_with_dataset_expressions to None, run_after=None
[2026-08-02T19:09:51.858+0000] {logging_mixin.py:188} INFO - [2026-08-02T19:09:51.858+0000] {dag.py:3947} INFO - Setting next_dagrun for dataset_consumes_1 to None, run_after=None
[2026-08-02T19:09:51.860+0000] {logging_mixin.py:188} INFO - [2026-08-02T19:09:51.860+0000] {dag.py:3947} INFO - Setting next_dagrun for dataset_consumes_1_and_2 to None, run_after=None
[2026-08-02T19:09:51.862+0000] {logging_mixin.py:188} INFO - [2026-08-02T19:09:51.862+0000] {dag.py:3947} INFO - Setting next_dagrun for dataset_consumes_1_never_scheduled to None, run_after=None
[2026-08-02T19:09:51.864+0000] {logging_mixin.py:188} INFO - [2026-08-02T19:09:51.864+0000] {dag.py:3947} INFO - Setting next_dagrun for dataset_consumes_unknown_never_scheduled to None, run_after=None
[2026-08-02T19:09:51.867+0000] {logging_mixin.py:188} INFO - [2026-08-02T19:09:51.867+0000] {dag.py:3947} INFO - Setting next_dagrun for dataset_produces_1 to 2026-08-01 00:00:00+00:00, run_after=2026-08-02 00:00:00+00:00
[2026-08-02T19:09:51.869+0000] {logging_mixin.py:188} INFO - [2026-08-02T19:09:51.869+0000] {dag.py:3947} INFO - Setting next_dagrun for dataset_produces_2 to None, run_after=None
[2026-08-02T19:09:51.912+0000] {processor.py:183} INFO - Processing /home/airflow/.local/lib/python3.12/site-packages/airflow/example_dags/example_datasets.py took 0.341 seconds
[2026-08-02T19:10:22.719+0000] {processor.py:161} INFO - Started process (PID=184) to work on /home/airflow/.local/lib/python3.12/site-packages/airflow/example_dags/example_datasets.py
[2026-08-02T19:10:22.721+0000] {processor.py:830} INFO - Processing file /home/airflow/.local/lib/python3.12/site-packages/airflow/example_dags/example_datasets.py for tasks to queue
[2026-08-02T19:10:22.723+0000] {logging_mixin.py:188} INFO - [2026-08-02T19:10:22.723+0000] {dagbag.py:545} INFO - Filling up the DagBag from /home/airflow/.local/lib/python3.12/site-packages/airflow/example_dags/example_datasets.py
[2026-08-02T19:10:22.736+0000] {processor.py:840} INFO - DAG(s) 'conditional_dataset_and_time_based_timetable', 'dataset_consumes_1_and_2', 'dataset_consumes_1_never_scheduled', 'consume_1_or_2_with_dataset_expressions', 'dataset_produces_1', 'consume_1_and_2_with_dataset_expressions', 'dataset_consumes_1', 'consume_1_or_both_2_and_3_with_dataset_expressions', 'dataset_consumes_unknown_never_scheduled', 'dataset_produces_2' retrieved from /home/airflow/.local/lib/python3.12/site-packages/airflow/example_dags/example_datasets.py
[2026-08-02T19:10:22.780+0000] {logging_mixin.py:188} INFO - [2026-08-02T19:10:22.780+0000] {dag.py:3089} INFO - Sync 10 DAGs
[2026-08-02T19:10:22.802+0000] {logging_mixin.py:188} INFO - [2026-08-02T19:10:22.802+0000] {dag.py:3947} INFO - Setting next_dagrun for conditional_dataset_and_time_based_timetable to 2026-07-29 01:00:00+00:00, run_after=2026-07-29 01:00:00+00:00
[2026-08-02T19:10:22.806+0000] {logging_mixin.py:188} INFO - [2026-08-02T19:10:22.806+0000] {dag.py:3947} INFO - Setting next_dagrun for consume_1_and_2_with_dataset_expressions to None, run_after=None
[2026-08-02T19:10:22.807+0000] {logging_mixin.py:188} INFO - [2026-08-02T19:10:22.807+0000] {dag.py:3947} INFO - Setting next_dagrun for consume_1_or_2_with_dataset_expressions to None, run_after=None
[2026-08-02T19:10:22.809+0000] {logging_mixin.py:188} INFO - [2026-08-02T19:10:22.809+0000] {dag.py:3947} INFO - Setting next_dagrun for consume_1_or_both_2_and_3_with_dataset_expressions to None, run_after=None
[2026-08-02T19:10:22.811+0000] {logging_mixin.py:188} INFO - [2026-08-02T19:10:22.811+0000] {dag.py:3947} INFO - Setting next_dagrun for dataset_consumes_1 to None, run_after=None
[2026-08-02T19:10:22.812+0000] {logging_mixin.py:188} INFO - [2026-08-02T19:10:22.812+0000] {dag.py:3947} INFO - Setting next_dagrun for dataset_consumes_1_and_2 to None, run_after=None
[2026-08-02T19:10:22.814+0000] {logging_mixin.py:188} INFO - [2026-08-02T19:10:22.814+0000] {dag.py:3947} INFO - Setting next_dagrun for dataset_consumes_1_never_scheduled to None, run_after=None
[2026-08-02T19:10:22.816+0000] {logging_mixin.py:188} INFO - [2026-08-02T19:10:22.816+0000] {dag.py:3947} INFO - Setting next_dagrun for dataset_consumes_unknown_never_scheduled to None, run_after=None
[2026-08-02T19:10:22.818+0000] {logging_mixin.py:188} INFO - [2026-08-02T19:10:22.818+0000] {dag.py:3947} INFO - Setting next_dagrun for dataset_produces_1 to 2026-08-01 00:00:00+00:00, run_after=2026-08-02 00:00:00+00:00
[2026-08-02T19:10:22.820+0000] {logging_mixin.py:188} INFO - [2026-08-02T19:10:22.820+0000] {dag.py:3947} INFO - Setting next_dagrun for dataset_produces_2 to None, run_after=None
[2026-08-02T19:10:22.855+0000] {processor.py:183} INFO - Processing /home/airflow/.local/lib/python3.12/site-packages/airflow/example_dags/example_datasets.py took 0.142 seconds
[2026-08-02T19:10:53.257+0000] {processor.py:161} INFO - Started process (PID=243) to work on /home/airflow/.local/lib/python3.12/site-packages/airflow/example_dags/example_datasets.py
[2026-08-02T19:10:53.259+0000] {processor.py:830} INFO - Processing file /home/airflow/.local/lib/python3.12/site-packages/airflow/example_dags/example_datasets.py for tasks to queue
[2026-08-02T19:10:53.262+0000] {logging_mixin.py:188} INFO - [2026-08-02T19:10:53.262+0000] {dagbag.py:545} INFO - Filling up the DagBag from /home/airflow/.local/lib/python3.12/site-packages/airflow/example_dags/example_datasets.py
[2026-08-02T19:10:53.284+0000] {processor.py:840} INFO - DAG(s) 'dataset_produces_1', 'consume_1_or_2_with_dataset_expressions', 'conditional_dataset_and_time_based_timetable', 'dataset_consumes_1_and_2', 'consume_1_or_both_2_and_3_with_dataset_expressions', 'dataset_consumes_1', 'dataset_produces_2', 'dataset_consumes_unknown_never_scheduled', 'dataset_consumes_1_never_scheduled', 'consume_1_and_2_with_dataset_expressions' retrieved from /home/airflow/.local/lib/python3.12/site-packages/airflow/example_dags/example_datasets.py
[2026-08-02T19:10:53.342+0000] {logging_mixin.py:188} INFO - [2026-08-02T19:10:53.342+0000] {dag.py:3089} INFO - Sync 10 DAGs
[2026-08-02T19:10:53.367+0000] {logging_mixin.py:188} INFO - [2026-08-02T19:10:53.367+0000] {dag.py:3947} INFO - Setting next_dagrun for conditional_dataset_and_time_based_timetable to 2026-07-29 01:00:00+00:00, run_after=2026-07-29 01:00:00+00:00
[2026-08-02T19:10:53.371+0000] {logging_mixin.py:188} INFO - [2026-08-02T19:10:53.371+0000] {dag.py:3947} INFO - Setting next_dagrun for consume_1_and_2_with_dataset_expressions to None, run_after=None
[2026-08-02T19:10:53.373+0000] {logging_mixin.py:188} INFO - [2026-08-02T19:10:53.373+0000] {dag.py:3947} INFO - Setting next_dagrun for consume_1_or_2_with_dataset_expressions to None, run_after=None
[2026-08-02T19:10:53.375+0000] {logging_mixin.py:188} INFO - [2026-08-02T19:10:53.375+0000] {dag.py:3947} INFO - Setting next_dagrun for consume_1_or_both_2_and_3_with_dataset_expressions to None, run_after=None
[2026-08-02T19:10:53.378+0000] {logging_mixin.py:188} INFO - [2026-08-02T19:10:53.377+0000] {dag.py:3947} INFO - Setting next_dagrun for dataset_consumes_1 to None, run_after=None
[2026-08-02T19:10:53.380+0000] {logging_mixin.py:188} INFO - [2026-08-02T19:10:53.380+0000] {dag.py:3947} INFO - Setting next_dagrun for dataset_consumes_1_and_2 to None, run_after=None
[2026-08-02T19:10:53.381+0000] {logging_mixin.py:188} INFO - [2026-08-02T19:10:53.381+0000] {dag.py:3947} INFO - Setting next_dagrun for dataset_consumes_1_never_scheduled to None, run_after=None
[2026-08-02T19:10:53.383+0000] {logging_mixin.py:188} INFO - [2026-08-02T19:10:53.383+0000] {dag.py:3947} INFO - Setting next_dagrun for dataset_consumes_unknown_never_scheduled to None, run_after=None
[2026-08-02T19:10:53.387+0000] {logging_mixin.py:188} INFO - [2026-08-02T19:10:53.387+0000] {dag.py:3947} INFO - Setting next_dagrun for dataset_produces_1 to 2026-08-01 00:00:00+00:00, run_after=2026-08-02 00:00:00+00:00
[2026-08-02T19:10:53.389+0000] {logging_mixin.py:188} INFO - [2026-08-02T19:10:53.388+0000] {dag.py:3947} INFO - Setting next_dagrun for dataset_produces_2 to None, run_after=None
[2026-08-02T19:10:53.428+0000] {processor.py:183} INFO - Processing /home/airflow/.local/lib/python3.12/site-packages/airflow/example_dags/example_datasets.py took 0.181 seconds
[2026-08-02T19:11:23.574+0000] {processor.py:161} INFO - Started process (PID=303) to work on /home/airflow/.local/lib/python3.12/site-packages/airflow/example_dags/example_datasets.py
[2026-08-02T19:11:23.576+0000] {processor.py:830} INFO - Processing file /home/airflow/.local/lib/python3.12/site-packages/airflow/example_dags/example_datasets.py for tasks to queue
[2026-08-02T19:11:23.579+0000] {logging_mixin.py:188} INFO - [2026-08-02T19:11:23.579+0000] {dagbag.py:545} INFO - Filling up the DagBag from /home/airflow/.local/lib/python3.12/site-packages/airflow/example_dags/example_datasets.py
[2026-08-02T19:11:23.597+0000] {processor.py:840} INFO - DAG(s) 'dataset_produces_2', 'dataset_consumes_1_and_2', 'conditional_dataset_and_time_based_timetable', 'dataset_produces_1', 'consume_1_or_both_2_and_3_with_dataset_expressions', 'consume_1_or_2_with_dataset_expressions', 'dataset_consumes_1', 'dataset_consumes_1_never_scheduled', 'consume_1_and_2_with_dataset_expressions', 'dataset_consumes_unknown_never_scheduled' retrieved from /home/airflow/.local/lib/python3.12/site-packages/airflow/example_dags/example_datasets.py
[2026-08-02T19:11:23.647+0000] {logging_mixin.py:188} INFO - [2026-08-02T19:11:23.647+0000] {dag.py:3089} INFO - Sync 10 DAGs
[2026-08-02T19:11:23.672+0000] {logging_mixin.py:188} INFO - [2026-08-02T19:11:23.671+0000] {dag.py:3947} INFO - Setting next_dagrun for conditional_dataset_and_time_based_timetable to 2026-07-29 01:00:00+00:00, run_after=2026-07-29 01:00:00+00:00
[2026-08-02T19:11:23.676+0000] {logging_mixin.py:188} INFO - [2026-08-02T19:11:23.676+0000] {dag.py:3947} INFO - Setting next_dagrun for consume_1_and_2_with_dataset_expressions to None, run_after=None
[2026-08-02T19:11:23.678+0000] {logging_mixin.py:188} INFO - [2026-08-02T19:11:23.678+0000] {dag.py:3947} INFO - Setting next_dagrun for consume_1_or_2_with_dataset_expressions to None, run_after=None
[2026-08-02T19:11:23.681+0000] {logging_mixin.py:188} INFO - [2026-08-02T19:11:23.680+0000] {dag.py:3947} INFO - Setting next_dagrun for consume_1_or_both_2_and_3_with_dataset_expressions to None, run_after=None
[2026-08-02T19:11:23.682+0000] {logging_mixin.py:188} INFO - [2026-08-02T19:11:23.682+0000] {dag.py:3947} INFO - Setting next_dagrun for dataset_consumes_1 to None, run_after=None
[2026-08-02T19:11:23.684+0000] {logging_mixin.py:188} INFO - [2026-08-02T19:11:23.684+0000] {dag.py:3947} INFO - Setting next_dagrun for dataset_consumes_1_and_2 to None, run_after=None
[2026-08-02T19:11:23.685+0000] {logging_mixin.py:188} INFO - [2026-08-02T19:11:23.685+0000] {dag.py:3947} INFO - Setting next_dagrun for dataset_consumes_1_never_scheduled to None, run_after=None
[2026-08-02T19:11:23.687+0000] {logging_mixin.py:188} INFO - [2026-08-02T19:11:23.686+0000] {dag.py:3947} INFO - Setting next_dagrun for dataset_consumes_unknown_never_scheduled to None, run_after=None
[2026-08-02T19:11:23.689+0000] {logging_mixin.py:188} INFO - [2026-08-02T19:11:23.689+0000] {dag.py:3947} INFO - Setting next_dagrun for dataset_produces_1 to 2026-08-01 00:00:00+00:00, run_after=2026-08-02 00:00:00+00:00
[2026-08-02T19:11:23.691+0000] {logging_mixin.py:188} INFO - [2026-08-02T19:11:23.691+0000] {dag.py:3947} INFO - Setting next_dagrun for dataset_produces_2 to None, run_after=None
[2026-08-02T19:11:23.729+0000] {processor.py:183} INFO - Processing /home/airflow/.local/lib/python3.12/site-packages/airflow/example_dags/example_datasets.py took 0.165 seconds
[2026-08-02T19:11:53.925+0000] {processor.py:161} INFO - Started process (PID=362) to work on /home/airflow/.local/lib/python3.12/site-packages/airflow/example_dags/example_datasets.py
[2026-08-02T19:11:53.927+0000] {processor.py:830} INFO - Processing file /home/airflow/.local/lib/python3.12/site-packages/airflow/example_dags/example_datasets.py for tasks to queue
[2026-08-02T19:11:53.930+0000] {logging_mixin.py:188} INFO - [2026-08-02T19:11:53.930+0000] {dagbag.py:545} INFO - Filling up the DagBag from /home/airflow/.local/lib/python3.12/site-packages/airflow/example_dags/example_datasets.py
[2026-08-02T19:11:53.952+0000] {processor.py:840} INFO - DAG(s) 'dataset_consumes_1', 'conditional_dataset_and_time_based_timetable', 'dataset_produces_1', 'dataset_consumes_unknown_never_scheduled', 'dataset_consumes_1_never_scheduled', 'consume_1_and_2_with_dataset_expressions', 'consume_1_or_both_2_and_3_with_dataset_expressions', 'consume_1_or_2_with_dataset_expressions', 'dataset_consumes_1_and_2', 'dataset_produces_2' retrieved from /home/airflow/.local/lib/python3.12/site-packages/airflow/example_dags/example_datasets.py
[2026-08-02T19:11:54.014+0000] {logging_mixin.py:188} INFO - [2026-08-02T19:11:54.013+0000] {dag.py:3089} INFO - Sync 10 DAGs
[2026-08-02T19:11:54.055+0000] {logging_mixin.py:188} INFO - [2026-08-02T19:11:54.054+0000] {dag.py:3947} INFO - Setting next_dagrun for conditional_dataset_and_time_based_timetable to 2026-07-29 01:00:00+00:00, run_after=2026-07-29 01:00:00+00:00
[2026-08-02T19:11:54.062+0000] {logging_mixin.py:188} INFO - [2026-08-02T19:11:54.062+0000] {dag.py:3947} INFO - Setting next_dagrun for consume_1_and_2_with_dataset_expressions to None, run_after=None
[2026-08-02T19:11:54.065+0000] {logging_mixin.py:188} INFO - [2026-08-02T19:11:54.065+0000] {dag.py:3947} INFO - Setting next_dagrun for consume_1_or_2_with_dataset_expressions to None, run_after=None
[2026-08-02T19:11:54.068+0000] {logging_mixin.py:188} INFO - [2026-08-02T19:11:54.068+0000] {dag.py:3947} INFO - Setting next_dagrun for consume_1_or_both_2_and_3_with_dataset_expressions to None, run_after=None
[2026-08-02T19:11:54.071+0000] {logging_mixin.py:188} INFO - [2026-08-02T19:11:54.071+0000] {dag.py:3947} INFO - Setting next_dagrun for dataset_consumes_1 to None, run_after=None
[2026-08-02T19:11:54.074+0000] {logging_mixin.py:188} INFO - [2026-08-02T19:11:54.074+0000] {dag.py:3947} INFO - Setting next_dagrun for dataset_consumes_1_and_2 to None, run_after=None
[2026-08-02T19:11:54.077+0000] {logging_mixin.py:188} INFO - [2026-08-02T19:11:54.077+0000] {dag.py:3947} INFO - Setting next_dagrun for dataset_consumes_1_never_scheduled to None, run_after=None
[2026-08-02T19:11:54.080+0000] {logging_mixin.py:188} INFO - [2026-08-02T19:11:54.079+0000] {dag.py:3947} INFO - Setting next_dagrun for dataset_consumes_unknown_never_scheduled to None, run_after=None
[2026-08-02T19:11:54.084+0000] {logging_mixin.py:188} INFO - [2026-08-02T19:11:54.084+0000] {dag.py:3947} INFO - Setting next_dagrun for dataset_produces_1 to 2026-08-01 00:00:00+00:00, run_after=2026-08-02 00:00:00+00:00
[2026-08-02T19:11:54.087+0000] {logging_mixin.py:188} INFO - [2026-08-02T19:11:54.087+0000] {dag.py:3947} INFO - Setting next_dagrun for dataset_produces_2 to None, run_after=None
[2026-08-02T19:11:54.137+0000] {processor.py:183} INFO - Processing /home/airflow/.local/lib/python3.12/site-packages/airflow/example_dags/example_datasets.py took 0.223 seconds
[2026-08-02T19:12:24.569+0000] {processor.py:161} INFO - Started process (PID=420) to work on /home/airflow/.local/lib/python3.12/site-packages/airflow/example_dags/example_datasets.py
[2026-08-02T19:12:24.570+0000] {processor.py:830} INFO - Processing file /home/airflow/.local/lib/python3.12/site-packages/airflow/example_dags/example_datasets.py for tasks to queue
[2026-08-02T19:12:24.573+0000] {logging_mixin.py:188} INFO - [2026-08-02T19:12:24.572+0000] {dagbag.py:545} INFO - Filling up the DagBag from /home/airflow/.local/lib/python3.12/site-packages/airflow/example_dags/example_datasets.py
[2026-08-02T19:12:24.586+0000] {processor.py:840} INFO - DAG(s) 'consume_1_or_2_with_dataset_expressions', 'consume_1_and_2_with_dataset_expressions', 'conditional_dataset_and_time_based_timetable', 'dataset_consumes_1_and_2', 'dataset_consumes_1', 'dataset_consumes_unknown_never_scheduled', 'consume_1_or_both_2_and_3_with_dataset_expressions', 'dataset_produces_2', 'dataset_produces_1', 'dataset_consumes_1_never_scheduled' retrieved from /home/airflow/.local/lib/python3.12/site-packages/airflow/example_dags/example_datasets.py
[2026-08-02T19:12:24.632+0000] {logging_mixin.py:188} INFO - [2026-08-02T19:12:24.631+0000] {dag.py:3089} INFO - Sync 10 DAGs
[2026-08-02T19:12:24.654+0000] {logging_mixin.py:188} INFO - [2026-08-02T19:12:24.654+0000] {dag.py:3947} INFO - Setting next_dagrun for conditional_dataset_and_time_based_timetable to 2026-07-29 01:00:00+00:00, run_after=2026-07-29 01:00:00+00:00
[2026-08-02T19:12:24.659+0000] {logging_mixin.py:188} INFO - [2026-08-02T19:12:24.659+0000] {dag.py:3947} INFO - Setting next_dagrun for consume_1_and_2_with_dataset_expressions to None, run_after=None
[2026-08-02T19:12:24.661+0000] {logging_mixin.py:188} INFO - [2026-08-02T19:12:24.661+0000] {dag.py:3947} INFO - Setting next_dagrun for consume_1_or_2_with_dataset_expressions to None, run_after=None
[2026-08-02T19:12:24.663+0000] {logging_mixin.py:188} INFO - [2026-08-02T19:12:24.663+0000] {dag.py:3947} INFO - Setting next_dagrun for consume_1_or_both_2_and_3_with_dataset_expressions to None, run_after=None
[2026-08-02T19:12:24.665+0000] {logging_mixin.py:188} INFO - [2026-08-02T19:12:24.664+0000] {dag.py:3947} INFO - Setting next_dagrun for dataset_consumes_1 to None, run_after=None
[2026-08-02T19:12:24.666+0000] {logging_mixin.py:188} INFO - [2026-08-02T19:12:24.666+0000] {dag.py:3947} INFO - Setting next_dagrun for dataset_consumes_1_and_2 to None, run_after=None
[2026-08-02T19:12:24.668+0000] {logging_mixin.py:188} INFO - [2026-08-02T19:12:24.668+0000] {dag.py:3947} INFO - Setting next_dagrun for dataset_consumes_1_never_scheduled to None, run_after=None
[2026-08-02T19:12:24.670+0000] {logging_mixin.py:188} INFO - [2026-08-02T19:12:24.669+0000] {dag.py:3947} INFO - Setting next_dagrun for dataset_consumes_unknown_never_scheduled to None, run_after=None
[2026-08-02T19:12:24.672+0000] {logging_mixin.py:188} INFO - [2026-08-02T19:12:24.672+0000] {dag.py:3947} INFO - Setting next_dagrun for dataset_produces_1 to 2026-08-01 00:00:00+00:00, run_after=2026-08-02 00:00:00+00:00
[2026-08-02T19:12:24.674+0000] {logging_mixin.py:188} INFO - [2026-08-02T19:12:24.674+0000] {dag.py:3947} INFO - Setting next_dagrun for dataset_produces_2 to None, run_after=None
[2026-08-02T19:12:24.708+0000] {processor.py:183} INFO - Processing /home/airflow/.local/lib/python3.12/site-packages/airflow/example_dags/example_datasets.py took 0.144 seconds
[2026-08-02T19:12:55.084+0000] {processor.py:161} INFO - Started process (PID=479) to work on /home/airflow/.local/lib/python3.12/site-packages/airflow/example_dags/example_datasets.py
[2026-08-02T19:12:55.086+0000] {processor.py:830} INFO - Processing file /home/airflow/.local/lib/python3.12/site-packages/airflow/example_dags/example_datasets.py for tasks to queue
[2026-08-02T19:12:55.088+0000] {logging_mixin.py:188} INFO - [2026-08-02T19:12:55.088+0000] {dagbag.py:545} INFO - Filling up the DagBag from /home/airflow/.local/lib/python3.12/site-packages/airflow/example_dags/example_datasets.py
[2026-08-02T19:12:55.103+0000] {processor.py:840} INFO - DAG(s) 'dataset_consumes_1_and_2', 'conditional_dataset_and_time_based_timetable', 'consume_1_or_2_with_dataset_expressions', 'dataset_consumes_unknown_never_scheduled', 'consume_1_and_2_with_dataset_expressions', 'dataset_produces_2', 'consume_1_or_both_2_and_3_with_dataset_expressions', 'dataset_consumes_1_never_scheduled', 'dataset_produces_1', 'dataset_consumes_1' retrieved from /home/airflow/.local/lib/python3.12/site-packages/airflow/example_dags/example_datasets.py
[2026-08-02T19:12:55.151+0000] {logging_mixin.py:188} INFO - [2026-08-02T19:12:55.151+0000] {dag.py:3089} INFO - Sync 10 DAGs
[2026-08-02T19:12:55.177+0000] {logging_mixin.py:188} INFO - [2026-08-02T19:12:55.176+0000] {dag.py:3947} INFO - Setting next_dagrun for conditional_dataset_and_time_based_timetable to 2026-07-29 01:00:00+00:00, run_after=2026-07-29 01:00:00+00:00
[2026-08-02T19:12:55.181+0000] {logging_mixin.py:188} INFO - [2026-08-02T19:12:55.181+0000] {dag.py:3947} INFO - Setting next_dagrun for consume_1_and_2_with_dataset_expressions to None, run_after=None
[2026-08-02T19:12:55.183+0000] {logging_mixin.py:188} INFO - [2026-08-02T19:12:55.183+0000] {dag.py:3947} INFO - Setting next_dagrun for consume_1_or_2_with_dataset_expressions to None, run_after=None
[2026-08-02T19:12:55.185+0000] {logging_mixin.py:188} INFO - [2026-08-02T19:12:55.185+0000] {dag.py:3947} INFO - Setting next_dagrun for consume_1_or_both_2_and_3_with_dataset_expressions to None, run_after=None
[2026-08-02T19:12:55.187+0000] {logging_mixin.py:188} INFO - [2026-08-02T19:12:55.187+0000] {dag.py:3947} INFO - Setting next_dagrun for dataset_consumes_1 to None, run_after=None
[2026-08-02T19:12:55.188+0000] {logging_mixin.py:188} INFO - [2026-08-02T19:12:55.188+0000] {dag.py:3947} INFO - Setting next_dagrun for dataset_consumes_1_and_2 to None, run_after=None
[2026-08-02T19:12:55.190+0000] {logging_mixin.py:188} INFO - [2026-08-02T19:12:55.190+0000] {dag.py:3947} INFO - Setting next_dagrun for dataset_consumes_1_never_scheduled to None, run_after=None
[2026-08-02T19:12:55.193+0000] {logging_mixin.py:188} INFO - [2026-08-02T19:12:55.193+0000] {dag.py:3947} INFO - Setting next_dagrun for dataset_consumes_unknown_never_scheduled to None, run_after=None
[2026-08-02T19:12:55.196+0000] {logging_mixin.py:188} INFO - [2026-08-02T19:12:55.196+0000] {dag.py:3947} INFO - Setting next_dagrun for dataset_produces_1 to 2026-08-01 00:00:00+00:00, run_after=2026-08-02 00:00:00+00:00
[2026-08-02T19:12:55.198+0000] {logging_mixin.py:188} INFO - [2026-08-02T19:12:55.198+0000] {dag.py:3947} INFO - Setting next_dagrun for dataset_produces_2 to None, run_after=None
[2026-08-02T19:12:55.239+0000] {processor.py:183} INFO - Processing /home/airflow/.local/lib/python3.12/site-packages/airflow/example_dags/example_datasets.py took 0.161 seconds
[2026-08-02T19:13:25.562+0000] {processor.py:161} INFO - Started process (PID=538) to work on /home/airflow/.local/lib/python3.12/site-packages/airflow/example_dags/example_datasets.py
[2026-08-02T19:13:25.564+0000] {processor.py:830} INFO - Processing file /home/airflow/.local/lib/python3.12/site-packages/airflow/example_dags/example_datasets.py for tasks to queue
[2026-08-02T19:13:25.566+0000] {logging_mixin.py:188} INFO - [2026-08-02T19:13:25.566+0000] {dagbag.py:545} INFO - Filling up the DagBag from /home/airflow/.local/lib/python3.12/site-packages/airflow/example_dags/example_datasets.py
[2026-08-02T19:13:25.581+0000] {processor.py:840} INFO - DAG(s) 'dataset_produces_1', 'consume_1_or_2_with_dataset_expressions', 'dataset_consumes_1', 'dataset_consumes_unknown_never_scheduled', 'consume_1_or_both_2_and_3_with_dataset_expressions', 'dataset_consumes_1_never_scheduled', 'dataset_consumes_1_and_2', 'consume_1_and_2_with_dataset_expressions', 'conditional_dataset_and_time_based_timetable', 'dataset_produces_2' retrieved from /home/airflow/.local/lib/python3.12/site-packages/airflow/example_dags/example_datasets.py
[2026-08-02T19:13:25.630+0000] {logging_mixin.py:188} INFO - [2026-08-02T19:13:25.629+0000] {dag.py:3089} INFO - Sync 10 DAGs
[2026-08-02T19:13:25.652+0000] {logging_mixin.py:188} INFO - [2026-08-02T19:13:25.652+0000] {dag.py:3947} INFO - Setting next_dagrun for conditional_dataset_and_time_based_timetable to 2026-07-29 01:00:00+00:00, run_after=2026-07-29 01:00:00+00:00
[2026-08-02T19:13:25.656+0000] {logging_mixin.py:188} INFO - [2026-08-02T19:13:25.656+0000] {dag.py:3947} INFO - Setting next_dagrun for consume_1_and_2_with_dataset_expressions to None, run_after=None
[2026-08-02T19:13:25.658+0000] {logging_mixin.py:188} INFO - [2026-08-02T19:13:25.658+0000] {dag.py:3947} INFO - Setting next_dagrun for consume_1_or_2_with_dataset_expressions to None, run_after=None
[2026-08-02T19:13:25.660+0000] {logging_mixin.py:188} INFO - [2026-08-02T19:13:25.660+0000] {dag.py:3947} INFO - Setting next_dagrun for consume_1_or_both_2_and_3_with_dataset_expressions to None, run_after=None
[2026-08-02T19:13:25.662+0000] {logging_mixin.py:188} INFO - [2026-08-02T19:13:25.662+0000] {dag.py:3947} INFO - Setting next_dagrun for dataset_consumes_1 to None, run_after=None
[2026-08-02T19:13:25.665+0000] {logging_mixin.py:188} INFO - [2026-08-02T19:13:25.665+0000] {dag.py:3947} INFO - Setting next_dagrun for dataset_consumes_1_and_2 to None, run_after=None
[2026-08-02T19:13:25.667+0000] {logging_mixin.py:188} INFO - [2026-08-02T19:13:25.667+0000] {dag.py:3947} INFO - Setting next_dagrun for dataset_consumes_1_never_scheduled to None, run_after=None
[2026-08-02T19:13:25.668+0000] {logging_mixin.py:188} INFO - [2026-08-02T19:13:25.668+0000] {dag.py:3947} INFO - Setting next_dagrun for dataset_consumes_unknown_never_scheduled to None, run_after=None
[2026-08-02T19:13:25.671+0000] {logging_mixin.py:188} INFO - [2026-08-02T19:13:25.671+0000] {dag.py:3947} INFO - Setting next_dagrun for dataset_produces_1 to 2026-08-01 00:00:00+00:00, run_after=2026-08-02 00:00:00+00:00
[2026-08-02T19:13:25.673+0000] {logging_mixin.py:188} INFO - [2026-08-02T19:13:25.673+0000] {dag.py:3947} INFO - Setting next_dagrun for dataset_produces_2 to None, run_after=None
[2026-08-02T19:13:25.707+0000] {processor.py:183} INFO - Processing /home/airflow/.local/lib/python3.12/site-packages/airflow/example_dags/example_datasets.py took 0.151 seconds
[2026-08-02T19:13:55.761+0000] {processor.py:161} INFO - Started process (PID=597) to work on /home/airflow/.local/lib/python3.12/site-packages/airflow/example_dags/example_datasets.py
[2026-08-02T19:13:55.763+0000] {processor.py:830} INFO - Processing file /home/airflow/.local/lib/python3.12/site-packages/airflow/example_dags/example_datasets.py for tasks to queue
[2026-08-02T19:13:55.765+0000] {logging_mixin.py:188} INFO - [2026-08-02T19:13:55.765+0000] {dagbag.py:545} INFO - Filling up the DagBag from /home/airflow/.local/lib/python3.12/site-packages/airflow/example_dags/example_datasets.py
[2026-08-02T19:13:55.779+0000] {processor.py:840} INFO - DAG(s) 'dataset_consumes_1', 'dataset_produces_2', 'consume_1_or_2_with_dataset_expressions', 'conditional_dataset_and_time_based_timetable', 'dataset_consumes_1_never_scheduled', 'consume_1_or_both_2_and_3_with_dataset_expressions', 'consume_1_and_2_with_dataset_expressions', 'dataset_produces_1', 'dataset_consumes_unknown_never_scheduled', 'dataset_consumes_1_and_2' retrieved from /home/airflow/.local/lib/python3.12/site-packages/airflow/example_dags/example_datasets.py
[2026-08-02T19:13:55.871+0000] {logging_mixin.py:188} INFO - [2026-08-02T19:13:55.871+0000] {dag.py:3089} INFO - Sync 10 DAGs
[2026-08-02T19:13:55.930+0000] {logging_mixin.py:188} INFO - [2026-08-02T19:13:55.930+0000] {dag.py:3947} INFO - Setting next_dagrun for conditional_dataset_and_time_based_timetable to 2026-07-29 01:00:00+00:00, run_after=2026-07-29 01:00:00+00:00
[2026-08-02T19:13:55.936+0000] {logging_mixin.py:188} INFO - [2026-08-02T19:13:55.936+0000] {dag.py:3947} INFO - Setting next_dagrun for consume_1_and_2_with_dataset_expressions to None, run_after=None
[2026-08-02T19:13:55.938+0000] {logging_mixin.py:188} INFO - [2026-08-02T19:13:55.938+0000] {dag.py:3947} INFO - Setting next_dagrun for consume_1_or_2_with_dataset_expressions to None, run_after=None
[2026-08-02T19:13:55.940+0000] {logging_mixin.py:188} INFO - [2026-08-02T19:13:55.940+0000] {dag.py:3947} INFO - Setting next_dagrun for consume_1_or_both_2_and_3_with_dataset_expressions to None, run_after=None
[2026-08-02T19:13:55.941+0000] {logging_mixin.py:188} INFO - [2026-08-02T19:13:55.941+0000] {dag.py:3947} INFO - Setting next_dagrun for dataset_consumes_1 to None, run_after=None
[2026-08-02T19:13:55.943+0000] {logging_mixin.py:188} INFO - [2026-08-02T19:13:55.943+0000] {dag.py:3947} INFO - Setting next_dagrun for dataset_consumes_1_and_2 to None, run_after=None
[2026-08-02T19:13:55.944+0000] {logging_mixin.py:188} INFO - [2026-08-02T19:13:55.944+0000] {dag.py:3947} INFO - Setting next_dagrun for dataset_consumes_1_never_scheduled to None, run_after=None
[2026-08-02T19:13:55.946+0000] {logging_mixin.py:188} INFO - [2026-08-02T19:13:55.946+0000] {dag.py:3947} INFO - Setting next_dagrun for dataset_consumes_unknown_never_scheduled to None, run_after=None
[2026-08-02T19:13:55.948+0000] {logging_mixin.py:188} INFO - [2026-08-02T19:13:55.948+0000] {dag.py:3947} INFO - Setting next_dagrun for dataset_produces_1 to 2026-08-01 00:00:00+00:00, run_after=2026-08-02 00:00:00+00:00
[2026-08-02T19:13:55.950+0000] {logging_mixin.py:188} INFO - [2026-08-02T19:13:55.950+0000] {dag.py:3947} INFO - Setting next_dagrun for dataset_produces_2 to None, run_after=None
[2026-08-02T19:13:56.021+0000] {processor.py:183} INFO - Processing /home/airflow/.local/lib/python3.12/site-packages/airflow/example_dags/example_datasets.py took 0.272 seconds
[2026-08-02T19:14:26.840+0000] {processor.py:161} INFO - Started process (PID=656) to work on /home/airflow/.local/lib/python3.12/site-packages/airflow/example_dags/example_datasets.py
[2026-08-02T19:14:26.842+0000] {processor.py:830} INFO - Processing file /home/airflow/.local/lib/python3.12/site-packages/airflow/example_dags/example_datasets.py for tasks to queue
[2026-08-02T19:14:26.845+0000] {logging_mixin.py:188} INFO - [2026-08-02T19:14:26.845+0000] {dagbag.py:545} INFO - Filling up the DagBag from /home/airflow/.local/lib/python3.12/site-packages/airflow/example_dags/example_datasets.py
[2026-08-02T19:14:26.872+0000] {processor.py:840} INFO - DAG(s) 'consume_1_or_both_2_and_3_with_dataset_expressions', 'dataset_produces_1', 'dataset_consumes_1_never_scheduled', 'dataset_produces_2', 'dataset_consumes_1', 'conditional_dataset_and_time_based_timetable', 'dataset_consumes_1_and_2', 'consume_1_and_2_with_dataset_expressions', 'consume_1_or_2_with_dataset_expressions', 'dataset_consumes_unknown_never_scheduled' retrieved from /home/airflow/.local/lib/python3.12/site-packages/airflow/example_dags/example_datasets.py
[2026-08-02T19:14:26.934+0000] {logging_mixin.py:188} INFO - [2026-08-02T19:14:26.934+0000] {dag.py:3089} INFO - Sync 10 DAGs
[2026-08-02T19:14:26.959+0000] {logging_mixin.py:188} INFO - [2026-08-02T19:14:26.959+0000] {dag.py:3947} INFO - Setting next_dagrun for conditional_dataset_and_time_based_timetable to 2026-07-29 01:00:00+00:00, run_after=2026-07-29 01:00:00+00:00
[2026-08-02T19:14:26.964+0000] {logging_mixin.py:188} INFO - [2026-08-02T19:14:26.964+0000] {dag.py:3947} INFO - Setting next_dagrun for consume_1_and_2_with_dataset_expressions to None, run_after=None
[2026-08-02T19:14:26.966+0000] {logging_mixin.py:188} INFO - [2026-08-02T19:14:26.965+0000] {dag.py:3947} INFO - Setting next_dagrun for consume_1_or_2_with_dataset_expressions to None, run_after=None
[2026-08-02T19:14:26.967+0000] {logging_mixin.py:188} INFO - [2026-08-02T19:14:26.967+0000] {dag.py:3947} INFO - Setting next_dagrun for consume_1_or_both_2_and_3_with_dataset_expressions to None, run_after=None
[2026-08-02T19:14:26.970+0000] {logging_mixin.py:188} INFO - [2026-08-02T19:14:26.969+0000] {dag.py:3947} INFO - Setting next_dagrun for dataset_consumes_1 to None, run_after=None
[2026-08-02T19:14:26.971+0000] {logging_mixin.py:188} INFO - [2026-08-02T19:14:26.971+0000] {dag.py:3947} INFO - Setting next_dagrun for dataset_consumes_1_and_2 to None, run_after=None
[2026-08-02T19:14:26.973+0000] {logging_mixin.py:188} INFO - [2026-08-02T19:14:26.973+0000] {dag.py:3947} INFO - Setting next_dagrun for dataset_consumes_1_never_scheduled to None, run_after=None
[2026-08-02T19:14:26.975+0000] {logging_mixin.py:188} INFO - [2026-08-02T19:14:26.975+0000] {dag.py:3947} INFO - Setting next_dagrun for dataset_consumes_unknown_never_scheduled to None, run_after=None
[2026-08-02T19:14:26.978+0000] {logging_mixin.py:188} INFO - [2026-08-02T19:14:26.977+0000] {dag.py:3947} INFO - Setting next_dagrun for dataset_produces_1 to 2026-08-01 00:00:00+00:00, run_after=2026-08-02 00:00:00+00:00
[2026-08-02T19:14:26.979+0000] {logging_mixin.py:188} INFO - [2026-08-02T19:14:26.979+0000] {dag.py:3947} INFO - Setting next_dagrun for dataset_produces_2 to None, run_after=None
[2026-08-02T19:14:27.014+0000] {processor.py:183} INFO - Processing /home/airflow/.local/lib/python3.12/site-packages/airflow/example_dags/example_datasets.py took 0.186 seconds
[2026-08-02T19:14:57.356+0000] {processor.py:161} INFO - Started process (PID=715) to work on /home/airflow/.local/lib/python3.12/site-packages/airflow/example_dags/example_datasets.py
[2026-08-02T19:14:57.357+0000] {processor.py:830} INFO - Processing file /home/airflow/.local/lib/python3.12/site-packages/airflow/example_dags/example_datasets.py for tasks to queue
[2026-08-02T19:14:57.360+0000] {logging_mixin.py:188} INFO - [2026-08-02T19:14:57.359+0000] {dagbag.py:545} INFO - Filling up the DagBag from /home/airflow/.local/lib/python3.12/site-packages/airflow/example_dags/example_datasets.py
[2026-08-02T19:14:57.374+0000] {processor.py:840} INFO - DAG(s) 'consume_1_and_2_with_dataset_expressions', 'dataset_produces_1', 'dataset_produces_2', 'conditional_dataset_and_time_based_timetable', 'consume_1_or_both_2_and_3_with_dataset_expressions', 'dataset_consumes_unknown_never_scheduled', 'dataset_consumes_1', 'dataset_consumes_1_and_2', 'dataset_consumes_1_never_scheduled', 'consume_1_or_2_with_dataset_expressions' retrieved from /home/airflow/.local/lib/python3.12/site-packages/airflow/example_dags/example_datasets.py
[2026-08-02T19:14:57.417+0000] {logging_mixin.py:188} INFO - [2026-08-02T19:14:57.417+0000] {dag.py:3089} INFO - Sync 10 DAGs
[2026-08-02T19:14:57.439+0000] {logging_mixin.py:188} INFO - [2026-08-02T19:14:57.439+0000] {dag.py:3947} INFO - Setting next_dagrun for conditional_dataset_and_time_based_timetable to 2026-07-29 01:00:00+00:00, run_after=2026-07-29 01:00:00+00:00
[2026-08-02T19:14:57.444+0000] {logging_mixin.py:188} INFO - [2026-08-02T19:14:57.443+0000] {dag.py:3947} INFO - Setting next_dagrun for consume_1_and_2_with_dataset_expressions to None, run_after=None
[2026-08-02T19:14:57.446+0000] {logging_mixin.py:188} INFO - [2026-08-02T19:14:57.445+0000] {dag.py:3947} INFO - Setting next_dagrun for consume_1_or_2_with_dataset_expressions to None, run_after=None
[2026-08-02T19:14:57.447+0000] {logging_mixin.py:188} INFO - [2026-08-02T19:14:57.447+0000] {dag.py:3947} INFO - Setting next_dagrun for consume_1_or_both_2_and_3_with_dataset_expressions to None, run_after=None
[2026-08-02T19:14:57.449+0000] {logging_mixin.py:188} INFO - [2026-08-02T19:14:57.449+0000] {dag.py:3947} INFO - Setting next_dagrun for dataset_consumes_1 to None, run_after=None
[2026-08-02T19:14:57.450+0000] {logging_mixin.py:188} INFO - [2026-08-02T19:14:57.450+0000] {dag.py:3947} INFO - Setting next_dagrun for dataset_consumes_1_and_2 to None, run_after=None
[2026-08-02T19:14:57.452+0000] {logging_mixin.py:188} INFO - [2026-08-02T19:14:57.451+0000] {dag.py:3947} INFO - Setting next_dagrun for dataset_consumes_1_never_scheduled to None, run_after=None
[2026-08-02T19:14:57.453+0000] {logging_mixin.py:188} INFO - [2026-08-02T19:14:57.453+0000] {dag.py:3947} INFO - Setting next_dagrun for dataset_consumes_unknown_never_scheduled to None, run_after=None
[2026-08-02T19:14:57.455+0000] {logging_mixin.py:188} INFO - [2026-08-02T19:14:57.455+0000] {dag.py:3947} INFO - Setting next_dagrun for dataset_produces_1 to 2026-08-01 00:00:00+00:00, run_after=2026-08-02 00:00:00+00:00
[2026-08-02T19:14:57.456+0000] {logging_mixin.py:188} INFO - [2026-08-02T19:14:57.456+0000] {dag.py:3947} INFO - Setting next_dagrun for dataset_produces_2 to None, run_after=None
[2026-08-02T19:14:57.484+0000] {processor.py:183} INFO - Processing /home/airflow/.local/lib/python3.12/site-packages/airflow/example_dags/example_datasets.py took 0.134 seconds
[2026-08-02T19:15:27.794+0000] {processor.py:161} INFO - Started process (PID=774) to work on /home/airflow/.local/lib/python3.12/site-packages/airflow/example_dags/example_datasets.py
[2026-08-02T19:15:27.796+0000] {processor.py:830} INFO - Processing file /home/airflow/.local/lib/python3.12/site-packages/airflow/example_dags/example_datasets.py for tasks to queue
[2026-08-02T19:15:27.800+0000] {logging_mixin.py:188} INFO - [2026-08-02T19:15:27.799+0000] {dagbag.py:545} INFO - Filling up the DagBag from /home/airflow/.local/lib/python3.12/site-packages/airflow/example_dags/example_datasets.py
[2026-08-02T19:15:27.815+0000] {processor.py:840} INFO - DAG(s) 'dataset_produces_2', 'dataset_consumes_1_and_2', 'dataset_produces_1', 'dataset_consumes_unknown_never_scheduled', 'consume_1_and_2_with_dataset_expressions', 'consume_1_or_both_2_and_3_with_dataset_expressions', 'consume_1_or_2_with_dataset_expressions', 'dataset_consumes_1', 'dataset_consumes_1_never_scheduled', 'conditional_dataset_and_time_based_timetable' retrieved from /home/airflow/.local/lib/python3.12/site-packages/airflow/example_dags/example_datasets.py
[2026-08-02T19:15:27.858+0000] {logging_mixin.py:188} INFO - [2026-08-02T19:15:27.857+0000] {dag.py:3089} INFO - Sync 10 DAGs
[2026-08-02T19:15:27.880+0000] {logging_mixin.py:188} INFO - [2026-08-02T19:15:27.880+0000] {dag.py:3947} INFO - Setting next_dagrun for conditional_dataset_and_time_based_timetable to 2026-07-29 01:00:00+00:00, run_after=2026-07-29 01:00:00+00:00
[2026-08-02T19:15:27.884+0000] {logging_mixin.py:188} INFO - [2026-08-02T19:15:27.884+0000] {dag.py:3947} INFO - Setting next_dagrun for consume_1_and_2_with_dataset_expressions to None, run_after=None
[2026-08-02T19:15:27.886+0000] {logging_mixin.py:188} INFO - [2026-08-02T19:15:27.886+0000] {dag.py:3947} INFO - Setting next_dagrun for consume_1_or_2_with_dataset_expressions to None, run_after=None
[2026-08-02T19:15:27.888+0000] {logging_mixin.py:188} INFO - [2026-08-02T19:15:27.887+0000] {dag.py:3947} INFO - Setting next_dagrun for consume_1_or_both_2_and_3_with_dataset_expressions to None, run_after=None
[2026-08-02T19:15:27.889+0000] {logging_mixin.py:188} INFO - [2026-08-02T19:15:27.889+0000] {dag.py:3947} INFO - Setting next_dagrun for dataset_consumes_1 to None, run_after=None
[2026-08-02T19:15:27.891+0000] {logging_mixin.py:188} INFO - [2026-08-02T19:15:27.891+0000] {dag.py:3947} INFO - Setting next_dagrun for dataset_consumes_1_and_2 to None, run_after=None
[2026-08-02T19:15:27.892+0000] {logging_mixin.py:188} INFO - [2026-08-02T19:15:27.892+0000] {dag.py:3947} INFO - Setting next_dagrun for dataset_consumes_1_never_scheduled to None, run_after=None
[2026-08-02T19:15:27.894+0000] {logging_mixin.py:188} INFO - [2026-08-02T19:15:27.894+0000] {dag.py:3947} INFO - Setting next_dagrun for dataset_consumes_unknown_never_scheduled to None, run_after=None
[2026-08-02T19:15:27.897+0000] {logging_mixin.py:188} INFO - [2026-08-02T19:15:27.897+0000] {dag.py:3947} INFO - Setting next_dagrun for dataset_produces_1 to 2026-08-01 00:00:00+00:00, run_after=2026-08-02 00:00:00+00:00
[2026-08-02T19:15:27.898+0000] {logging_mixin.py:188} INFO - [2026-08-02T19:15:27.898+0000] {dag.py:3947} INFO - Setting next_dagrun for dataset_produces_2 to None, run_after=None
[2026-08-02T19:15:27.939+0000] {processor.py:183} INFO - Processing /home/airflow/.local/lib/python3.12/site-packages/airflow/example_dags/example_datasets.py took 0.154 seconds
[2026-08-02T19:15:58.593+0000] {processor.py:161} INFO - Started process (PID=833) to work on /home/airflow/.local/lib/python3.12/site-packages/airflow/example_dags/example_datasets.py
[2026-08-02T19:15:58.595+0000] {processor.py:830} INFO - Processing file /home/airflow/.local/lib/python3.12/site-packages/airflow/example_dags/example_datasets.py for tasks to queue
[2026-08-02T19:15:58.597+0000] {logging_mixin.py:188} INFO - [2026-08-02T19:15:58.597+0000] {dagbag.py:545} INFO - Filling up the DagBag from /home/airflow/.local/lib/python3.12/site-packages/airflow/example_dags/example_datasets.py
[2026-08-02T19:15:58.610+0000] {processor.py:840} INFO - DAG(s) 'consume_1_and_2_with_dataset_expressions', 'dataset_produces_1', 'dataset_consumes_unknown_never_scheduled', 'consume_1_or_2_with_dataset_expressions', 'dataset_consumes_1', 'conditional_dataset_and_time_based_timetable', 'dataset_consumes_1_never_scheduled', 'dataset_consumes_1_and_2', 'dataset_produces_2', 'consume_1_or_both_2_and_3_with_dataset_expressions' retrieved from /home/airflow/.local/lib/python3.12/site-packages/airflow/example_dags/example_datasets.py
[2026-08-02T19:15:58.654+0000] {logging_mixin.py:188} INFO - [2026-08-02T19:15:58.654+0000] {dag.py:3089} INFO - Sync 10 DAGs
[2026-08-02T19:15:58.676+0000] {logging_mixin.py:188} INFO - [2026-08-02T19:15:58.676+0000] {dag.py:3947} INFO - Setting next_dagrun for conditional_dataset_and_time_based_timetable to 2026-07-29 01:00:00+00:00, run_after=2026-07-29 01:00:00+00:00
[2026-08-02T19:15:58.681+0000] {logging_mixin.py:188} INFO - [2026-08-02T19:15:58.680+0000] {dag.py:3947} INFO - Setting next_dagrun for consume_1_and_2_with_dataset_expressions to None, run_after=None
[2026-08-02T19:15:58.682+0000] {logging_mixin.py:188} INFO - [2026-08-02T19:15:58.682+0000] {dag.py:3947} INFO - Setting next_dagrun for consume_1_or_2_with_dataset_expressions to None, run_after=None
[2026-08-02T19:15:58.684+0000] {logging_mixin.py:188} INFO - [2026-08-02T19:15:58.684+0000] {dag.py:3947} INFO - Setting next_dagrun for consume_1_or_both_2_and_3_with_dataset_expressions to None, run_after=None
[2026-08-02T19:15:58.686+0000] {logging_mixin.py:188} INFO - [2026-08-02T19:15:58.685+0000] {dag.py:3947} INFO - Setting next_dagrun for dataset_consumes_1 to None, run_after=None
[2026-08-02T19:15:58.687+0000] {logging_mixin.py:188} INFO - [2026-08-02T19:15:58.687+0000] {dag.py:3947} INFO - Setting next_dagrun for dataset_consumes_1_and_2 to None, run_after=None
[2026-08-02T19:15:58.689+0000] {logging_mixin.py:188} INFO - [2026-08-02T19:15:58.689+0000] {dag.py:3947} INFO - Setting next_dagrun for dataset_consumes_1_never_scheduled to None, run_after=None
[2026-08-02T19:15:58.691+0000] {logging_mixin.py:188} INFO - [2026-08-02T19:15:58.690+0000] {dag.py:3947} INFO - Setting next_dagrun for dataset_consumes_unknown_never_scheduled to None, run_after=None
[2026-08-02T19:15:58.693+0000] {logging_mixin.py:188} INFO - [2026-08-02T19:15:58.693+0000] {dag.py:3947} INFO - Setting next_dagrun for dataset_produces_1 to 2026-08-01 00:00:00+00:00, run_after=2026-08-02 00:00:00+00:00
[2026-08-02T19:15:58.695+0000] {logging_mixin.py:188} INFO - [2026-08-02T19:15:58.695+0000] {dag.py:3947} INFO - Setting next_dagrun for dataset_produces_2 to None, run_after=None
[2026-08-02T19:15:58.729+0000] {processor.py:183} INFO - Processing /home/airflow/.local/lib/python3.12/site-packages/airflow/example_dags/example_datasets.py took 0.142 seconds
[2026-08-02T19:16:29.080+0000] {processor.py:161} INFO - Started process (PID=892) to work on /home/airflow/.local/lib/python3.12/site-packages/airflow/example_dags/example_datasets.py
[2026-08-02T19:16:29.082+0000] {processor.py:830} INFO - Processing file /home/airflow/.local/lib/python3.12/site-packages/airflow/example_dags/example_datasets.py for tasks to queue
[2026-08-02T19:16:29.085+0000] {logging_mixin.py:188} INFO - [2026-08-02T19:16:29.084+0000] {dagbag.py:545} INFO - Filling up the DagBag from /home/airflow/.local/lib/python3.12/site-packages/airflow/example_dags/example_datasets.py
[2026-08-02T19:16:29.104+0000] {processor.py:840} INFO - DAG(s) 'dataset_consumes_unknown_never_scheduled', 'consume_1_and_2_with_dataset_expressions', 'dataset_produces_1', 'conditional_dataset_and_time_based_timetable', 'dataset_consumes_1_never_scheduled', 'consume_1_or_2_with_dataset_expressions', 'consume_1_or_both_2_and_3_with_dataset_expressions', 'dataset_produces_2', 'dataset_consumes_1', 'dataset_consumes_1_and_2' retrieved from /home/airflow/.local/lib/python3.12/site-packages/airflow/example_dags/example_datasets.py
[2026-08-02T19:16:29.165+0000] {logging_mixin.py:188} INFO - [2026-08-02T19:16:29.165+0000] {dag.py:3089} INFO - Sync 10 DAGs
[2026-08-02T19:16:29.192+0000] {logging_mixin.py:188} INFO - [2026-08-02T19:16:29.192+0000] {dag.py:3947} INFO - Setting next_dagrun for conditional_dataset_and_time_based_timetable to 2026-07-29 01:00:00+00:00, run_after=2026-07-29 01:00:00+00:00
[2026-08-02T19:16:29.197+0000] {logging_mixin.py:188} INFO - [2026-08-02T19:16:29.197+0000] {dag.py:3947} INFO - Setting next_dagrun for consume_1_and_2_with_dataset_expressions to None, run_after=None
[2026-08-02T19:16:29.199+0000] {logging_mixin.py:188} INFO - [2026-08-02T19:16:29.199+0000] {dag.py:3947} INFO - Setting next_dagrun for consume_1_or_2_with_dataset_expressions to None, run_after=None
[2026-08-02T19:16:29.200+0000] {logging_mixin.py:188} INFO - [2026-08-02T19:16:29.200+0000] {dag.py:3947} INFO - Setting next_dagrun for consume_1_or_both_2_and_3_with_dataset_expressions to None, run_after=None
[2026-08-02T19:16:29.202+0000] {logging_mixin.py:188} INFO - [2026-08-02T19:16:29.202+0000] {dag.py:3947} INFO - Setting next_dagrun for dataset_consumes_1 to None, run_after=None
[2026-08-02T19:16:29.204+0000] {logging_mixin.py:188} INFO - [2026-08-02T19:16:29.204+0000] {dag.py:3947} INFO - Setting next_dagrun for dataset_consumes_1_and_2 to None, run_after=None
[2026-08-02T19:16:29.206+0000] {logging_mixin.py:188} INFO - [2026-08-02T19:16:29.206+0000] {dag.py:3947} INFO - Setting next_dagrun for dataset_consumes_1_never_scheduled to None, run_after=None
[2026-08-02T19:16:29.208+0000] {logging_mixin.py:188} INFO - [2026-08-02T19:16:29.208+0000] {dag.py:3947} INFO - Setting next_dagrun for dataset_consumes_unknown_never_scheduled to None, run_after=None
[2026-08-02T19:16:29.211+0000] {logging_mixin.py:188} INFO - [2026-08-02T19:16:29.211+0000] {dag.py:3947} INFO - Setting next_dagrun for dataset_produces_1 to 2026-08-01 00:00:00+00:00, run_after=2026-08-02 00:00:00+00:00
[2026-08-02T19:16:29.213+0000] {logging_mixin.py:188} INFO - [2026-08-02T19:16:29.213+0000] {dag.py:3947} INFO - Setting next_dagrun for dataset_produces_2 to None, run_after=None
[2026-08-02T19:16:29.251+0000] {processor.py:183} INFO - Processing /home/airflow/.local/lib/python3.12/site-packages/airflow/example_dags/example_datasets.py took 0.182 seconds
[2026-08-02T19:16:59.805+0000] {processor.py:161} INFO - Started process (PID=951) to work on /home/airflow/.local/lib/python3.12/site-packages/airflow/example_dags/example_datasets.py
[2026-08-02T19:16:59.807+0000] {processor.py:830} INFO - Processing file /home/airflow/.local/lib/python3.12/site-packages/airflow/example_dags/example_datasets.py for tasks to queue
[2026-08-02T19:16:59.810+0000] {logging_mixin.py:188} INFO - [2026-08-02T19:16:59.810+0000] {dagbag.py:545} INFO - Filling up the DagBag from /home/airflow/.local/lib/python3.12/site-packages/airflow/example_dags/example_datasets.py
[2026-08-02T19:16:59.826+0000] {processor.py:840} INFO - DAG(s) 'consume_1_and_2_with_dataset_expressions', 'conditional_dataset_and_time_based_timetable', 'dataset_consumes_1_and_2', 'dataset_produces_1', 'dataset_produces_2', 'dataset_consumes_1', 'consume_1_or_both_2_and_3_with_dataset_expressions', 'consume_1_or_2_with_dataset_expressions', 'dataset_consumes_unknown_never_scheduled', 'dataset_consumes_1_never_scheduled' retrieved from /home/airflow/.local/lib/python3.12/site-packages/airflow/example_dags/example_datasets.py
[2026-08-02T19:16:59.870+0000] {logging_mixin.py:188} INFO - [2026-08-02T19:16:59.870+0000] {dag.py:3089} INFO - Sync 10 DAGs
[2026-08-02T19:16:59.892+0000] {logging_mixin.py:188} INFO - [2026-08-02T19:16:59.892+0000] {dag.py:3947} INFO - Setting next_dagrun for conditional_dataset_and_time_based_timetable to 2026-07-29 01:00:00+00:00, run_after=2026-07-29 01:00:00+00:00
[2026-08-02T19:16:59.897+0000] {logging_mixin.py:188} INFO - [2026-08-02T19:16:59.897+0000] {dag.py:3947} INFO - Setting next_dagrun for consume_1_and_2_with_dataset_expressions to None, run_after=None
[2026-08-02T19:16:59.899+0000] {logging_mixin.py:188} INFO - [2026-08-02T19:16:59.899+0000] {dag.py:3947} INFO - Setting next_dagrun for consume_1_or_2_with_dataset_expressions to None, run_after=None
[2026-08-02T19:16:59.901+0000] {logging_mixin.py:188} INFO - [2026-08-02T19:16:59.901+0000] {dag.py:3947} INFO - Setting next_dagrun for consume_1_or_both_2_and_3_with_dataset_expressions to None, run_after=None
[2026-08-02T19:16:59.902+0000] {logging_mixin.py:188} INFO - [2026-08-02T19:16:59.902+0000] {dag.py:3947} INFO - Setting next_dagrun for dataset_consumes_1 to None, run_after=None
[2026-08-02T19:16:59.904+0000] {logging_mixin.py:188} INFO - [2026-08-02T19:16:59.904+0000] {dag.py:3947} INFO - Setting next_dagrun for dataset_consumes_1_and_2 to None, run_after=None
[2026-08-02T19:16:59.906+0000] {logging_mixin.py:188} INFO - [2026-08-02T19:16:59.905+0000] {dag.py:3947} INFO - Setting next_dagrun for dataset_consumes_1_never_scheduled to None, run_after=None
[2026-08-02T19:16:59.907+0000] {logging_mixin.py:188} INFO - [2026-08-02T19:16:59.907+0000] {dag.py:3947} INFO - Setting next_dagrun for dataset_consumes_unknown_never_scheduled to None, run_after=None
[2026-08-02T19:16:59.910+0000] {logging_mixin.py:188} INFO - [2026-08-02T19:16:59.910+0000] {dag.py:3947} INFO - Setting next_dagrun for dataset_produces_1 to 2026-08-01 00:00:00+00:00, run_after=2026-08-02 00:00:00+00:00
[2026-08-02T19:16:59.912+0000] {logging_mixin.py:188} INFO - [2026-08-02T19:16:59.911+0000] {dag.py:3947} INFO - Setting next_dagrun for dataset_produces_2 to None, run_after=None
[2026-08-02T19:16:59.945+0000] {processor.py:183} INFO - Processing /home/airflow/.local/lib/python3.12/site-packages/airflow/example_dags/example_datasets.py took 0.148 seconds
[2026-08-02T19:17:30.575+0000] {processor.py:161} INFO - Started process (PID=1010) to work on /home/airflow/.local/lib/python3.12/site-packages/airflow/example_dags/example_datasets.py
[2026-08-02T19:17:30.577+0000] {processor.py:830} INFO - Processing file /home/airflow/.local/lib/python3.12/site-packages/airflow/example_dags/example_datasets.py for tasks to queue
[2026-08-02T19:17:30.580+0000] {logging_mixin.py:188} INFO - [2026-08-02T19:17:30.579+0000] {dagbag.py:545} INFO - Filling up the DagBag from /home/airflow/.local/lib/python3.12/site-packages/airflow/example_dags/example_datasets.py
[2026-08-02T19:17:30.593+0000] {processor.py:840} INFO - DAG(s) 'dataset_consumes_1_and_2', 'conditional_dataset_and_time_based_timetable', 'dataset_produces_1', 'dataset_produces_2', 'consume_1_or_both_2_and_3_with_dataset_expressions', 'dataset_consumes_unknown_never_scheduled', 'consume_1_or_2_with_dataset_expressions', 'dataset_consumes_1_never_scheduled', 'consume_1_and_2_with_dataset_expressions', 'dataset_consumes_1' retrieved from /home/airflow/.local/lib/python3.12/site-packages/airflow/example_dags/example_datasets.py
[2026-08-02T19:17:30.635+0000] {logging_mixin.py:188} INFO - [2026-08-02T19:17:30.634+0000] {dag.py:3089} INFO - Sync 10 DAGs
[2026-08-02T19:17:30.657+0000] {logging_mixin.py:188} INFO - [2026-08-02T19:17:30.656+0000] {dag.py:3947} INFO - Setting next_dagrun for conditional_dataset_and_time_based_timetable to 2026-07-29 01:00:00+00:00, run_after=2026-07-29 01:00:00+00:00
[2026-08-02T19:17:30.661+0000] {logging_mixin.py:188} INFO - [2026-08-02T19:17:30.660+0000] {dag.py:3947} INFO - Setting next_dagrun for consume_1_and_2_with_dataset_expressions to None, run_after=None
[2026-08-02T19:17:30.662+0000] {logging_mixin.py:188} INFO - [2026-08-02T19:17:30.662+0000] {dag.py:3947} INFO - Setting next_dagrun for consume_1_or_2_with_dataset_expressions to None, run_after=None
[2026-08-02T19:17:30.664+0000] {logging_mixin.py:188} INFO - [2026-08-02T19:17:30.664+0000] {dag.py:3947} INFO - Setting next_dagrun for consume_1_or_both_2_and_3_with_dataset_expressions to None, run_after=None
[2026-08-02T19:17:30.665+0000] {logging_mixin.py:188} INFO - [2026-08-02T19:17:30.665+0000] {dag.py:3947} INFO - Setting next_dagrun for dataset_consumes_1 to None, run_after=None
[2026-08-02T19:17:30.667+0000] {logging_mixin.py:188} INFO - [2026-08-02T19:17:30.667+0000] {dag.py:3947} INFO - Setting next_dagrun for dataset_consumes_1_and_2 to None, run_after=None
[2026-08-02T19:17:30.669+0000] {logging_mixin.py:188} INFO - [2026-08-02T19:17:30.669+0000] {dag.py:3947} INFO - Setting next_dagrun for dataset_consumes_1_never_scheduled to None, run_after=None
[2026-08-02T19:17:30.670+0000] {logging_mixin.py:188} INFO - [2026-08-02T19:17:30.670+0000] {dag.py:3947} INFO - Setting next_dagrun for dataset_consumes_unknown_never_scheduled to None, run_after=None
[2026-08-02T19:17:30.673+0000] {logging_mixin.py:188} INFO - [2026-08-02T19:17:30.672+0000] {dag.py:3947} INFO - Setting next_dagrun for dataset_produces_1 to 2026-08-01 00:00:00+00:00, run_after=2026-08-02 00:00:00+00:00
[2026-08-02T19:17:30.674+0000] {logging_mixin.py:188} INFO - [2026-08-02T19:17:30.674+0000] {dag.py:3947} INFO - Setting next_dagrun for dataset_produces_2 to None, run_after=None
[2026-08-02T19:17:30.707+0000] {processor.py:183} INFO - Processing /home/airflow/.local/lib/python3.12/site-packages/airflow/example_dags/example_datasets.py took 0.140 seconds
[2026-08-02T19:18:01.388+0000] {processor.py:161} INFO - Started process (PID=1069) to work on /home/airflow/.local/lib/python3.12/site-packages/airflow/example_dags/example_datasets.py
[2026-08-02T19:18:01.390+0000] {processor.py:830} INFO - Processing file /home/airflow/.local/lib/python3.12/site-packages/airflow/example_dags/example_datasets.py for tasks to queue
[2026-08-02T19:18:01.393+0000] {logging_mixin.py:188} INFO - [2026-08-02T19:18:01.393+0000] {dagbag.py:545} INFO - Filling up the DagBag from /home/airflow/.local/lib/python3.12/site-packages/airflow/example_dags/example_datasets.py
[2026-08-02T19:18:01.411+0000] {processor.py:840} INFO - DAG(s) 'dataset_consumes_unknown_never_scheduled', 'dataset_produces_2', 'dataset_produces_1', 'consume_1_or_both_2_and_3_with_dataset_expressions', 'dataset_consumes_1', 'conditional_dataset_and_time_based_timetable', 'consume_1_or_2_with_dataset_expressions', 'dataset_consumes_1_and_2', 'dataset_consumes_1_never_scheduled', 'consume_1_and_2_with_dataset_expressions' retrieved from /home/airflow/.local/lib/python3.12/site-packages/airflow/example_dags/example_datasets.py
[2026-08-02T19:18:01.458+0000] {logging_mixin.py:188} INFO - [2026-08-02T19:18:01.458+0000] {dag.py:3089} INFO - Sync 10 DAGs
[2026-08-02T19:18:01.482+0000] {logging_mixin.py:188} INFO - [2026-08-02T19:18:01.481+0000] {dag.py:3947} INFO - Setting next_dagrun for conditional_dataset_and_time_based_timetable to 2026-07-29 01:00:00+00:00, run_after=2026-07-29 01:00:00+00:00
[2026-08-02T19:18:01.486+0000] {logging_mixin.py:188} INFO - [2026-08-02T19:18:01.486+0000] {dag.py:3947} INFO - Setting next_dagrun for consume_1_and_2_with_dataset_expressions to None, run_after=None
[2026-08-02T19:18:01.488+0000] {logging_mixin.py:188} INFO - [2026-08-02T19:18:01.488+0000] {dag.py:3947} INFO - Setting next_dagrun for consume_1_or_2_with_dataset_expressions to None, run_after=None
[2026-08-02T19:18:01.490+0000] {logging_mixin.py:188} INFO - [2026-08-02T19:18:01.490+0000] {dag.py:3947} INFO - Setting next_dagrun for consume_1_or_both_2_and_3_with_dataset_expressions to None, run_after=None
[2026-08-02T19:18:01.491+0000] {logging_mixin.py:188} INFO - [2026-08-02T19:18:01.491+0000] {dag.py:3947} INFO - Setting next_dagrun for dataset_consumes_1 to None, run_after=None
[2026-08-02T19:18:01.493+0000] {logging_mixin.py:188} INFO - [2026-08-02T19:18:01.493+0000] {dag.py:3947} INFO - Setting next_dagrun for dataset_consumes_1_and_2 to None, run_after=None
[2026-08-02T19:18:01.496+0000] {logging_mixin.py:188} INFO - [2026-08-02T19:18:01.496+0000] {dag.py:3947} INFO - Setting next_dagrun for dataset_consumes_1_never_scheduled to None, run_after=None
[2026-08-02T19:18:01.498+0000] {logging_mixin.py:188} INFO - [2026-08-02T19:18:01.498+0000] {dag.py:3947} INFO - Setting next_dagrun for dataset_consumes_unknown_never_scheduled to None, run_after=None
[2026-08-02T19:18:01.501+0000] {logging_mixin.py:188} INFO - [2026-08-02T19:18:01.501+0000] {dag.py:3947} INFO - Setting next_dagrun for dataset_produces_1 to 2026-08-01 00:00:00+00:00, run_after=2026-08-02 00:00:00+00:00
[2026-08-02T19:18:01.503+0000] {logging_mixin.py:188} INFO - [2026-08-02T19:18:01.503+0000] {dag.py:3947} INFO - Setting next_dagrun for dataset_produces_2 to None, run_after=None
[2026-08-02T19:18:01.537+0000] {processor.py:183} INFO - Processing /home/airflow/.local/lib/python3.12/site-packages/airflow/example_dags/example_datasets.py took 0.155 seconds
[2026-08-02T19:18:32.026+0000] {processor.py:161} INFO - Started process (PID=1128) to work on /home/airflow/.local/lib/python3.12/site-packages/airflow/example_dags/example_datasets.py
[2026-08-02T19:18:32.028+0000] {processor.py:830} INFO - Processing file /home/airflow/.local/lib/python3.12/site-packages/airflow/example_dags/example_datasets.py for tasks to queue
[2026-08-02T19:18:32.030+0000] {logging_mixin.py:188} INFO - [2026-08-02T19:18:32.030+0000] {dagbag.py:545} INFO - Filling up the DagBag from /home/airflow/.local/lib/python3.12/site-packages/airflow/example_dags/example_datasets.py
[2026-08-02T19:18:32.045+0000] {processor.py:840} INFO - DAG(s) 'dataset_consumes_1_and_2', 'dataset_produces_1', 'conditional_dataset_and_time_based_timetable', 'consume_1_or_both_2_and_3_with_dataset_expressions', 'dataset_consumes_1_never_scheduled', 'dataset_produces_2', 'dataset_consumes_1', 'dataset_consumes_unknown_never_scheduled', 'consume_1_and_2_with_dataset_expressions', 'consume_1_or_2_with_dataset_expressions' retrieved from /home/airflow/.local/lib/python3.12/site-packages/airflow/example_dags/example_datasets.py
[2026-08-02T19:18:32.088+0000] {logging_mixin.py:188} INFO - [2026-08-02T19:18:32.088+0000] {dag.py:3089} INFO - Sync 10 DAGs
[2026-08-02T19:18:32.110+0000] {logging_mixin.py:188} INFO - [2026-08-02T19:18:32.110+0000] {dag.py:3947} INFO - Setting next_dagrun for conditional_dataset_and_time_based_timetable to 2026-07-29 01:00:00+00:00, run_after=2026-07-29 01:00:00+00:00
[2026-08-02T19:18:32.114+0000] {logging_mixin.py:188} INFO - [2026-08-02T19:18:32.114+0000] {dag.py:3947} INFO - Setting next_dagrun for consume_1_and_2_with_dataset_expressions to None, run_after=None
[2026-08-02T19:18:32.116+0000] {logging_mixin.py:188} INFO - [2026-08-02T19:18:32.116+0000] {dag.py:3947} INFO - Setting next_dagrun for consume_1_or_2_with_dataset_expressions to None, run_after=None
[2026-08-02T19:18:32.117+0000] {logging_mixin.py:188} INFO - [2026-08-02T19:18:32.117+0000] {dag.py:3947} INFO - Setting next_dagrun for consume_1_or_both_2_and_3_with_dataset_expressions to None, run_after=None
[2026-08-02T19:18:32.119+0000] {logging_mixin.py:188} INFO - [2026-08-02T19:18:32.118+0000] {dag.py:3947} INFO - Setting next_dagrun for dataset_consumes_1 to None, run_after=None
[2026-08-02T19:18:32.120+0000] {logging_mixin.py:188} INFO - [2026-08-02T19:18:32.120+0000] {dag.py:3947} INFO - Setting next_dagrun for dataset_consumes_1_and_2 to None, run_after=None
[2026-08-02T19:18:32.121+0000] {logging_mixin.py:188} INFO - [2026-08-02T19:18:32.121+0000] {dag.py:3947} INFO - Setting next_dagrun for dataset_consumes_1_never_scheduled to None, run_after=None
[2026-08-02T19:18:32.123+0000] {logging_mixin.py:188} INFO - [2026-08-02T19:18:32.123+0000] {dag.py:3947} INFO - Setting next_dagrun for dataset_consumes_unknown_never_scheduled to None, run_after=None
[2026-08-02T19:18:32.126+0000] {logging_mixin.py:188} INFO - [2026-08-02T19:18:32.126+0000] {dag.py:3947} INFO - Setting next_dagrun for dataset_produces_1 to 2026-08-01 00:00:00+00:00, run_after=2026-08-02 00:00:00+00:00
[2026-08-02T19:18:32.127+0000] {logging_mixin.py:188} INFO - [2026-08-02T19:18:32.127+0000] {dag.py:3947} INFO - Setting next_dagrun for dataset_produces_2 to None, run_after=None
[2026-08-02T19:18:32.159+0000] {processor.py:183} INFO - Processing /home/airflow/.local/lib/python3.12/site-packages/airflow/example_dags/example_datasets.py took 0.138 seconds
[2026-08-02T19:19:02.497+0000] {processor.py:161} INFO - Started process (PID=1187) to work on /home/airflow/.local/lib/python3.12/site-packages/airflow/example_dags/example_datasets.py
[2026-08-02T19:19:02.499+0000] {processor.py:830} INFO - Processing file /home/airflow/.local/lib/python3.12/site-packages/airflow/example_dags/example_datasets.py for tasks to queue
[2026-08-02T19:19:02.502+0000] {logging_mixin.py:188} INFO - [2026-08-02T19:19:02.501+0000] {dagbag.py:545} INFO - Filling up the DagBag from /home/airflow/.local/lib/python3.12/site-packages/airflow/example_dags/example_datasets.py
[2026-08-02T19:19:02.528+0000] {processor.py:840} INFO - DAG(s) 'dataset_produces_2', 'dataset_produces_1', 'dataset_consumes_1_never_scheduled', 'dataset_consumes_1', 'dataset_consumes_1_and_2', 'consume_1_and_2_with_dataset_expressions', 'conditional_dataset_and_time_based_timetable', 'consume_1_or_2_with_dataset_expressions', 'consume_1_or_both_2_and_3_with_dataset_expressions', 'dataset_consumes_unknown_never_scheduled' retrieved from /home/airflow/.local/lib/python3.12/site-packages/airflow/example_dags/example_datasets.py
[2026-08-02T19:19:02.577+0000] {logging_mixin.py:188} INFO - [2026-08-02T19:19:02.577+0000] {dag.py:3089} INFO - Sync 10 DAGs
[2026-08-02T19:19:02.599+0000] {logging_mixin.py:188} INFO - [2026-08-02T19:19:02.599+0000] {dag.py:3947} INFO - Setting next_dagrun for conditional_dataset_and_time_based_timetable to 2026-07-29 01:00:00+00:00, run_after=2026-07-29 01:00:00+00:00
[2026-08-02T19:19:02.603+0000] {logging_mixin.py:188} INFO - [2026-08-02T19:19:02.603+0000] {dag.py:3947} INFO - Setting next_dagrun for consume_1_and_2_with_dataset_expressions to None, run_after=None
[2026-08-02T19:19:02.605+0000] {logging_mixin.py:188} INFO - [2026-08-02T19:19:02.605+0000] {dag.py:3947} INFO - Setting next_dagrun for consume_1_or_2_with_dataset_expressions to None, run_after=None
[2026-08-02T19:19:02.607+0000] {logging_mixin.py:188} INFO - [2026-08-02T19:19:02.607+0000] {dag.py:3947} INFO - Setting next_dagrun for consume_1_or_both_2_and_3_with_dataset_expressions to None, run_after=None
[2026-08-02T19:19:02.609+0000] {logging_mixin.py:188} INFO - [2026-08-02T19:19:02.608+0000] {dag.py:3947} INFO - Setting next_dagrun for dataset_consumes_1 to None, run_after=None
[2026-08-02T19:19:02.610+0000] {logging_mixin.py:188} INFO - [2026-08-02T19:19:02.610+0000] {dag.py:3947} INFO - Setting next_dagrun for dataset_consumes_1_and_2 to None, run_after=None
[2026-08-02T19:19:02.612+0000] {logging_mixin.py:188} INFO - [2026-08-02T19:19:02.611+0000] {dag.py:3947} INFO - Setting next_dagrun for dataset_consumes_1_never_scheduled to None, run_after=None
[2026-08-02T19:19:02.613+0000] {logging_mixin.py:188} INFO - [2026-08-02T19:19:02.613+0000] {dag.py:3947} INFO - Setting next_dagrun for dataset_consumes_unknown_never_scheduled to None, run_after=None
[2026-08-02T19:19:02.615+0000] {logging_mixin.py:188} INFO - [2026-08-02T19:19:02.615+0000] {dag.py:3947} INFO - Setting next_dagrun for dataset_produces_1 to 2026-08-01 00:00:00+00:00, run_after=2026-08-02 00:00:00+00:00
[2026-08-02T19:19:02.617+0000] {logging_mixin.py:188} INFO - [2026-08-02T19:19:02.617+0000] {dag.py:3947} INFO - Setting next_dagrun for dataset_produces_2 to None, run_after=None
[2026-08-02T19:19:02.653+0000] {processor.py:183} INFO - Processing /home/airflow/.local/lib/python3.12/site-packages/airflow/example_dags/example_datasets.py took 0.167 seconds
[2026-08-02T19:19:33.146+0000] {processor.py:161} INFO - Started process (PID=1246) to work on /home/airflow/.local/lib/python3.12/site-packages/airflow/example_dags/example_datasets.py
[2026-08-02T19:19:33.147+0000] {processor.py:830} INFO - Processing file /home/airflow/.local/lib/python3.12/site-packages/airflow/example_dags/example_datasets.py for tasks to queue
[2026-08-02T19:19:33.149+0000] {logging_mixin.py:188} INFO - [2026-08-02T19:19:33.149+0000] {dagbag.py:545} INFO - Filling up the DagBag from /home/airflow/.local/lib/python3.12/site-packages/airflow/example_dags/example_datasets.py
[2026-08-02T19:19:33.164+0000] {processor.py:840} INFO - DAG(s) 'dataset_produces_2', 'dataset_consumes_unknown_never_scheduled', 'consume_1_or_both_2_and_3_with_dataset_expressions', 'consume_1_or_2_with_dataset_expressions', 'conditional_dataset_and_time_based_timetable', 'dataset_consumes_1_never_scheduled', 'dataset_produces_1', 'dataset_consumes_1', 'dataset_consumes_1_and_2', 'consume_1_and_2_with_dataset_expressions' retrieved from /home/airflow/.local/lib/python3.12/site-packages/airflow/example_dags/example_datasets.py
[2026-08-02T19:19:33.209+0000] {logging_mixin.py:188} INFO - [2026-08-02T19:19:33.209+0000] {dag.py:3089} INFO - Sync 10 DAGs
[2026-08-02T19:19:33.233+0000] {logging_mixin.py:188} INFO - [2026-08-02T19:19:33.233+0000] {dag.py:3947} INFO - Setting next_dagrun for conditional_dataset_and_time_based_timetable to 2026-07-29 01:00:00+00:00, run_after=2026-07-29 01:00:00+00:00
[2026-08-02T19:19:33.237+0000] {logging_mixin.py:188} INFO - [2026-08-02T19:19:33.237+0000] {dag.py:3947} INFO - Setting next_dagrun for consume_1_and_2_with_dataset_expressions to None, run_after=None
[2026-08-02T19:19:33.239+0000] {logging_mixin.py:188} INFO - [2026-08-02T19:19:33.239+0000] {dag.py:3947} INFO - Setting next_dagrun for consume_1_or_2_with_dataset_expressions to None, run_after=None
[2026-08-02T19:19:33.241+0000] {logging_mixin.py:188} INFO - [2026-08-02T19:19:33.241+0000] {dag.py:3947} INFO - Setting next_dagrun for consume_1_or_both_2_and_3_with_dataset_expressions to None, run_after=None
[2026-08-02T19:19:33.243+0000] {logging_mixin.py:188} INFO - [2026-08-02T19:19:33.243+0000] {dag.py:3947} INFO - Setting next_dagrun for dataset_consumes_1 to None, run_after=None
[2026-08-02T19:19:33.245+0000] {logging_mixin.py:188} INFO - [2026-08-02T19:19:33.245+0000] {dag.py:3947} INFO - Setting next_dagrun for dataset_consumes_1_and_2 to None, run_after=None
[2026-08-02T19:19:33.246+0000] {logging_mixin.py:188} INFO - [2026-08-02T19:19:33.246+0000] {dag.py:3947} INFO - Setting next_dagrun for dataset_consumes_1_never_scheduled to None, run_after=None
[2026-08-02T19:19:33.248+0000] {logging_mixin.py:188} INFO - [2026-08-02T19:19:33.248+0000] {dag.py:3947} INFO - Setting next_dagrun for dataset_consumes_unknown_never_scheduled to None, run_after=None
[2026-08-02T19:19:33.250+0000] {logging_mixin.py:188} INFO - [2026-08-02T19:19:33.250+0000] {dag.py:3947} INFO - Setting next_dagrun for dataset_produces_1 to 2026-08-01 00:00:00+00:00, run_after=2026-08-02 00:00:00+00:00
[2026-08-02T19:19:33.252+0000] {logging_mixin.py:188} INFO - [2026-08-02T19:19:33.252+0000] {dag.py:3947} INFO - Setting next_dagrun for dataset_produces_2 to None, run_after=None
[2026-08-02T19:19:33.296+0000] {processor.py:183} INFO - Processing /home/airflow/.local/lib/python3.12/site-packages/airflow/example_dags/example_datasets.py took 0.157 seconds
[2026-08-02T19:20:03.993+0000] {processor.py:161} INFO - Started process (PID=1305) to work on /home/airflow/.local/lib/python3.12/site-packages/airflow/example_dags/example_datasets.py
[2026-08-02T19:20:03.994+0000] {processor.py:830} INFO - Processing file /home/airflow/.local/lib/python3.12/site-packages/airflow/example_dags/example_datasets.py for tasks to queue
[2026-08-02T19:20:03.996+0000] {logging_mixin.py:188} INFO - [2026-08-02T19:20:03.996+0000] {dagbag.py:545} INFO - Filling up the DagBag from /home/airflow/.local/lib/python3.12/site-packages/airflow/example_dags/example_datasets.py
[2026-08-02T19:20:04.009+0000] {processor.py:840} INFO - DAG(s) 'consume_1_and_2_with_dataset_expressions', 'conditional_dataset_and_time_based_timetable', 'consume_1_or_both_2_and_3_with_dataset_expressions', 'dataset_consumes_1', 'consume_1_or_2_with_dataset_expressions', 'dataset_consumes_1_never_scheduled', 'dataset_produces_1', 'dataset_consumes_unknown_never_scheduled', 'dataset_consumes_1_and_2', 'dataset_produces_2' retrieved from /home/airflow/.local/lib/python3.12/site-packages/airflow/example_dags/example_datasets.py
[2026-08-02T19:20:04.055+0000] {logging_mixin.py:188} INFO - [2026-08-02T19:20:04.055+0000] {dag.py:3089} INFO - Sync 10 DAGs
[2026-08-02T19:20:04.083+0000] {logging_mixin.py:188} INFO - [2026-08-02T19:20:04.083+0000] {dag.py:3947} INFO - Setting next_dagrun for conditional_dataset_and_time_based_timetable to 2026-07-29 01:00:00+00:00, run_after=2026-07-29 01:00:00+00:00
[2026-08-02T19:20:04.088+0000] {logging_mixin.py:188} INFO - [2026-08-02T19:20:04.087+0000] {dag.py:3947} INFO - Setting next_dagrun for consume_1_and_2_with_dataset_expressions to None, run_after=None
[2026-08-02T19:20:04.090+0000] {logging_mixin.py:188} INFO - [2026-08-02T19:20:04.090+0000] {dag.py:3947} INFO - Setting next_dagrun for consume_1_or_2_with_dataset_expressions to None, run_after=None
[2026-08-02T19:20:04.092+0000] {logging_mixin.py:188} INFO - [2026-08-02T19:20:04.091+0000] {dag.py:3947} INFO - Setting next_dagrun for consume_1_or_both_2_and_3_with_dataset_expressions to None, run_after=None
[2026-08-02T19:20:04.093+0000] {logging_mixin.py:188} INFO - [2026-08-02T19:20:04.093+0000] {dag.py:3947} INFO - Setting next_dagrun for dataset_consumes_1 to None, run_after=None
[2026-08-02T19:20:04.095+0000] {logging_mixin.py:188} INFO - [2026-08-02T19:20:04.094+0000] {dag.py:3947} INFO - Setting next_dagrun for dataset_consumes_1_and_2 to None, run_after=None
[2026-08-02T19:20:04.097+0000] {logging_mixin.py:188} INFO - [2026-08-02T19:20:04.096+0000] {dag.py:3947} INFO - Setting next_dagrun for dataset_consumes_1_never_scheduled to None, run_after=None
[2026-08-02T19:20:04.099+0000] {logging_mixin.py:188} INFO - [2026-08-02T19:20:04.098+0000] {dag.py:3947} INFO - Setting next_dagrun for dataset_consumes_unknown_never_scheduled to None, run_after=None
[2026-08-02T19:20:04.101+0000] {logging_mixin.py:188} INFO - [2026-08-02T19:20:04.101+0000] {dag.py:3947} INFO - Setting next_dagrun for dataset_produces_1 to 2026-08-01 00:00:00+00:00, run_after=2026-08-02 00:00:00+00:00
[2026-08-02T19:20:04.103+0000] {logging_mixin.py:188} INFO - [2026-08-02T19:20:04.103+0000] {dag.py:3947} INFO - Setting next_dagrun for dataset_produces_2 to None, run_after=None
[2026-08-02T19:20:04.141+0000] {processor.py:183} INFO - Processing /home/airflow/.local/lib/python3.12/site-packages/airflow/example_dags/example_datasets.py took 0.154 seconds
