[2026-08-02T18:55:14.320+0000] {processor.py:161} INFO - Started process (PID=96) to work on /home/airflow/.local/lib/python3.12/site-packages/airflow/example_dags/example_subdag_operator.py
[2026-08-02T18:55:14.322+0000] {processor.py:830} INFO - Processing file /home/airflow/.local/lib/python3.12/site-packages/airflow/example_dags/example_subdag_operator.py for tasks to queue
[2026-08-02T18:55:14.329+0000] {logging_mixin.py:188} INFO - [2026-08-02T18:55:14.328+0000] {dagbag.py:545} INFO - Filling up the DagBag from /home/airflow/.local/lib/python3.12/site-packages/airflow/example_dags/example_subdag_operator.py
[2026-08-02T18:55:14.388+0000] {processor.py:840} INFO - DAG(s) 'example_subdag_operator.section-1', 'example_subdag_operator.section-2', 'example_subdag_operator' retrieved from /home/airflow/.local/lib/python3.12/site-packages/airflow/example_dags/example_subdag_operator.py
[2026-08-02T18:55:14.588+0000] {logging_mixin.py:188} INFO - [2026-08-02T18:55:14.587+0000] {dag.py:3089} INFO - Sync 3 DAGs
[2026-08-02T18:55:14.644+0000] {logging_mixin.py:188} INFO - [2026-08-02T18:55:14.643+0000] {dag.py:3947} INFO - Setting next_dagrun for example_subdag_operator to 2022-01-01 00:00:00+00:00, run_after=2022-01-01 00:00:00+00:00
[2026-08-02T18:55:14.653+0000] {logging_mixin.py:188} INFO - [2026-08-02T18:55:14.653+0000] {dag.py:3947} INFO - Setting next_dagrun for example_subdag_operator.section-1 to None, run_after=None
[2026-08-02T18:55:14.658+0000] {logging_mixin.py:188} INFO - [2026-08-02T18:55:14.657+0000] {dag.py:3947} INFO - Setting next_dagrun for example_subdag_operator.section-2 to None, run_after=None
[2026-08-02T18:55:14.676+0000] {logging_mixin.py:188} INFO - [2026-08-02T18:55:14.676+0000] {dag.py:3089} INFO - Sync 2 DAGs
[2026-08-02T18:55:14.693+0000] {logging_mixin.py:188} INFO - [2026-08-02T18:55:14.693+0000] {dag.py:3947} INFO - Setting next_dagrun for example_subdag_operator.section-1 to None, run_after=None
[2026-08-02T18:55:14.695+0000] {logging_mixin.py:188} INFO - [2026-08-02T18:55:14.695+0000] {dag.py:3947} INFO - Setting next_dagrun for example_subdag_operator.section-2 to None, run_after=None
[2026-08-02T18:55:14.724+0000] {processor.py:183} INFO - Processing /home/airflow/.local/lib/python3.12/site-packages/airflow/example_dags/example_subdag_operator.py took 0.415 seconds
[2026-08-02T18:55:45.571+0000] {processor.py:161} INFO - Started process (PID=155) to work on /home/airflow/.local/lib/python3.12/site-packages/airflow/example_dags/example_subdag_operator.py
[2026-08-02T18:55:45.572+0000] {processor.py:830} INFO - Processing file /home/airflow/.local/lib/python3.12/site-packages/airflow/example_dags/example_subdag_operator.py for tasks to queue
[2026-08-02T18:55:45.576+0000] {logging_mixin.py:188} INFO - [2026-08-02T18:55:45.575+0000] {dagbag.py:545} INFO - Filling up the DagBag from /home/airflow/.local/lib/python3.12/site-packages/airflow/example_dags/example_subdag_operator.py
[2026-08-02T18:55:45.603+0000] {processor.py:840} INFO - DAG(s) 'example_subdag_operator.section-1', 'example_subdag_operator.section-2', 'example_subdag_operator' retrieved from /home/airflow/.local/lib/python3.12/site-packages/airflow/example_dags/example_subdag_operator.py
[2026-08-02T18:55:45.618+0000] {logging_mixin.py:188} INFO - [2026-08-02T18:55:45.618+0000] {dag.py:3089} INFO - Sync 3 DAGs
[2026-08-02T18:55:45.641+0000] {logging_mixin.py:188} INFO - [2026-08-02T18:55:45.640+0000] {dag.py:3947} INFO - Setting next_dagrun for example_subdag_operator to 2022-01-01 00:00:00+00:00, run_after=2022-01-01 00:00:00+00:00
[2026-08-02T18:55:45.645+0000] {logging_mixin.py:188} INFO - [2026-08-02T18:55:45.644+0000] {dag.py:3947} INFO - Setting next_dagrun for example_subdag_operator.section-1 to None, run_after=None
[2026-08-02T18:55:45.646+0000] {logging_mixin.py:188} INFO - [2026-08-02T18:55:45.646+0000] {dag.py:3947} INFO - Setting next_dagrun for example_subdag_operator.section-2 to None, run_after=None
[2026-08-02T18:55:45.654+0000] {logging_mixin.py:188} INFO - [2026-08-02T18:55:45.654+0000] {dag.py:3089} INFO - Sync 2 DAGs
[2026-08-02T18:55:45.660+0000] {logging_mixin.py:188} INFO - [2026-08-02T18:55:45.660+0000] {dag.py:3947} INFO - Setting next_dagrun for example_subdag_operator.section-1 to None, run_after=None
[2026-08-02T18:55:45.661+0000] {logging_mixin.py:188} INFO - [2026-08-02T18:55:45.661+0000] {dag.py:3947} INFO - Setting next_dagrun for example_subdag_operator.section-2 to None, run_after=None
[2026-08-02T18:55:45.673+0000] {processor.py:183} INFO - Processing /home/airflow/.local/lib/python3.12/site-packages/airflow/example_dags/example_subdag_operator.py took 0.113 seconds
[2026-08-02T18:56:16.415+0000] {processor.py:161} INFO - Started process (PID=214) to work on /home/airflow/.local/lib/python3.12/site-packages/airflow/example_dags/example_subdag_operator.py
[2026-08-02T18:56:16.417+0000] {processor.py:830} INFO - Processing file /home/airflow/.local/lib/python3.12/site-packages/airflow/example_dags/example_subdag_operator.py for tasks to queue
[2026-08-02T18:56:16.421+0000] {logging_mixin.py:188} INFO - [2026-08-02T18:56:16.420+0000] {dagbag.py:545} INFO - Filling up the DagBag from /home/airflow/.local/lib/python3.12/site-packages/airflow/example_dags/example_subdag_operator.py
[2026-08-02T18:56:16.452+0000] {processor.py:840} INFO - DAG(s) 'example_subdag_operator.section-1', 'example_subdag_operator.section-2', 'example_subdag_operator' retrieved from /home/airflow/.local/lib/python3.12/site-packages/airflow/example_dags/example_subdag_operator.py
[2026-08-02T18:56:16.471+0000] {logging_mixin.py:188} INFO - [2026-08-02T18:56:16.471+0000] {dag.py:3089} INFO - Sync 3 DAGs
[2026-08-02T18:56:16.497+0000] {logging_mixin.py:188} INFO - [2026-08-02T18:56:16.497+0000] {dag.py:3947} INFO - Setting next_dagrun for example_subdag_operator to 2022-01-01 00:00:00+00:00, run_after=2022-01-01 00:00:00+00:00
[2026-08-02T18:56:16.502+0000] {logging_mixin.py:188} INFO - [2026-08-02T18:56:16.502+0000] {dag.py:3947} INFO - Setting next_dagrun for example_subdag_operator.section-1 to None, run_after=None
[2026-08-02T18:56:16.504+0000] {logging_mixin.py:188} INFO - [2026-08-02T18:56:16.504+0000] {dag.py:3947} INFO - Setting next_dagrun for example_subdag_operator.section-2 to None, run_after=None
[2026-08-02T18:56:16.512+0000] {logging_mixin.py:188} INFO - [2026-08-02T18:56:16.511+0000] {dag.py:3089} INFO - Sync 2 DAGs
[2026-08-02T18:56:16.519+0000] {logging_mixin.py:188} INFO - [2026-08-02T18:56:16.519+0000] {dag.py:3947} INFO - Setting next_dagrun for example_subdag_operator.section-1 to None, run_after=None
[2026-08-02T18:56:16.520+0000] {logging_mixin.py:188} INFO - [2026-08-02T18:56:16.520+0000] {dag.py:3947} INFO - Setting next_dagrun for example_subdag_operator.section-2 to None, run_after=None
[2026-08-02T18:56:16.533+0000] {processor.py:183} INFO - Processing /home/airflow/.local/lib/python3.12/site-packages/airflow/example_dags/example_subdag_operator.py took 0.124 seconds
[2026-08-02T18:56:46.771+0000] {processor.py:161} INFO - Started process (PID=273) to work on /home/airflow/.local/lib/python3.12/site-packages/airflow/example_dags/example_subdag_operator.py
[2026-08-02T18:56:46.773+0000] {processor.py:830} INFO - Processing file /home/airflow/.local/lib/python3.12/site-packages/airflow/example_dags/example_subdag_operator.py for tasks to queue
[2026-08-02T18:56:46.775+0000] {logging_mixin.py:188} INFO - [2026-08-02T18:56:46.775+0000] {dagbag.py:545} INFO - Filling up the DagBag from /home/airflow/.local/lib/python3.12/site-packages/airflow/example_dags/example_subdag_operator.py
[2026-08-02T18:56:46.798+0000] {processor.py:840} INFO - DAG(s) 'example_subdag_operator.section-1', 'example_subdag_operator.section-2', 'example_subdag_operator' retrieved from /home/airflow/.local/lib/python3.12/site-packages/airflow/example_dags/example_subdag_operator.py
[2026-08-02T18:56:46.812+0000] {logging_mixin.py:188} INFO - [2026-08-02T18:56:46.812+0000] {dag.py:3089} INFO - Sync 3 DAGs
[2026-08-02T18:56:46.832+0000] {logging_mixin.py:188} INFO - [2026-08-02T18:56:46.832+0000] {dag.py:3947} INFO - Setting next_dagrun for example_subdag_operator to 2022-01-01 00:00:00+00:00, run_after=2022-01-01 00:00:00+00:00
[2026-08-02T18:56:46.837+0000] {logging_mixin.py:188} INFO - [2026-08-02T18:56:46.836+0000] {dag.py:3947} INFO - Setting next_dagrun for example_subdag_operator.section-1 to None, run_after=None
[2026-08-02T18:56:46.838+0000] {logging_mixin.py:188} INFO - [2026-08-02T18:56:46.838+0000] {dag.py:3947} INFO - Setting next_dagrun for example_subdag_operator.section-2 to None, run_after=None
[2026-08-02T18:56:46.847+0000] {logging_mixin.py:188} INFO - [2026-08-02T18:56:46.847+0000] {dag.py:3089} INFO - Sync 2 DAGs
[2026-08-02T18:56:46.852+0000] {logging_mixin.py:188} INFO - [2026-08-02T18:56:46.852+0000] {dag.py:3947} INFO - Setting next_dagrun for example_subdag_operator.section-1 to None, run_after=None
[2026-08-02T18:56:46.853+0000] {logging_mixin.py:188} INFO - [2026-08-02T18:56:46.853+0000] {dag.py:3947} INFO - Setting next_dagrun for example_subdag_operator.section-2 to None, run_after=None
[2026-08-02T18:56:46.864+0000] {processor.py:183} INFO - Processing /home/airflow/.local/lib/python3.12/site-packages/airflow/example_dags/example_subdag_operator.py took 0.103 seconds
[2026-08-02T18:57:17.203+0000] {processor.py:161} INFO - Started process (PID=332) to work on /home/airflow/.local/lib/python3.12/site-packages/airflow/example_dags/example_subdag_operator.py
[2026-08-02T18:57:17.205+0000] {processor.py:830} INFO - Processing file /home/airflow/.local/lib/python3.12/site-packages/airflow/example_dags/example_subdag_operator.py for tasks to queue
[2026-08-02T18:57:17.207+0000] {logging_mixin.py:188} INFO - [2026-08-02T18:57:17.207+0000] {dagbag.py:545} INFO - Filling up the DagBag from /home/airflow/.local/lib/python3.12/site-packages/airflow/example_dags/example_subdag_operator.py
[2026-08-02T18:57:17.231+0000] {processor.py:840} INFO - DAG(s) 'example_subdag_operator.section-1', 'example_subdag_operator.section-2', 'example_subdag_operator' retrieved from /home/airflow/.local/lib/python3.12/site-packages/airflow/example_dags/example_subdag_operator.py
[2026-08-02T18:57:17.246+0000] {logging_mixin.py:188} INFO - [2026-08-02T18:57:17.245+0000] {dag.py:3089} INFO - Sync 3 DAGs
[2026-08-02T18:57:17.264+0000] {logging_mixin.py:188} INFO - [2026-08-02T18:57:17.264+0000] {dag.py:3947} INFO - Setting next_dagrun for example_subdag_operator to 2022-01-01 00:00:00+00:00, run_after=2022-01-01 00:00:00+00:00
[2026-08-02T18:57:17.268+0000] {logging_mixin.py:188} INFO - [2026-08-02T18:57:17.268+0000] {dag.py:3947} INFO - Setting next_dagrun for example_subdag_operator.section-1 to None, run_after=None
[2026-08-02T18:57:17.271+0000] {logging_mixin.py:188} INFO - [2026-08-02T18:57:17.271+0000] {dag.py:3947} INFO - Setting next_dagrun for example_subdag_operator.section-2 to None, run_after=None
[2026-08-02T18:57:17.278+0000] {logging_mixin.py:188} INFO - [2026-08-02T18:57:17.278+0000] {dag.py:3089} INFO - Sync 2 DAGs
[2026-08-02T18:57:17.283+0000] {logging_mixin.py:188} INFO - [2026-08-02T18:57:17.283+0000] {dag.py:3947} INFO - Setting next_dagrun for example_subdag_operator.section-1 to None, run_after=None
[2026-08-02T18:57:17.284+0000] {logging_mixin.py:188} INFO - [2026-08-02T18:57:17.284+0000] {dag.py:3947} INFO - Setting next_dagrun for example_subdag_operator.section-2 to None, run_after=None
[2026-08-02T18:57:17.295+0000] {processor.py:183} INFO - Processing /home/airflow/.local/lib/python3.12/site-packages/airflow/example_dags/example_subdag_operator.py took 0.101 seconds
[2026-08-02T18:57:47.630+0000] {processor.py:161} INFO - Started process (PID=391) to work on /home/airflow/.local/lib/python3.12/site-packages/airflow/example_dags/example_subdag_operator.py
[2026-08-02T18:57:47.632+0000] {processor.py:830} INFO - Processing file /home/airflow/.local/lib/python3.12/site-packages/airflow/example_dags/example_subdag_operator.py for tasks to queue
[2026-08-02T18:57:47.634+0000] {logging_mixin.py:188} INFO - [2026-08-02T18:57:47.634+0000] {dagbag.py:545} INFO - Filling up the DagBag from /home/airflow/.local/lib/python3.12/site-packages/airflow/example_dags/example_subdag_operator.py
[2026-08-02T18:57:47.660+0000] {processor.py:840} INFO - DAG(s) 'example_subdag_operator.section-1', 'example_subdag_operator.section-2', 'example_subdag_operator' retrieved from /home/airflow/.local/lib/python3.12/site-packages/airflow/example_dags/example_subdag_operator.py
[2026-08-02T18:57:47.675+0000] {logging_mixin.py:188} INFO - [2026-08-02T18:57:47.675+0000] {dag.py:3089} INFO - Sync 3 DAGs
[2026-08-02T18:57:47.695+0000] {logging_mixin.py:188} INFO - [2026-08-02T18:57:47.695+0000] {dag.py:3947} INFO - Setting next_dagrun for example_subdag_operator to 2022-01-01 00:00:00+00:00, run_after=2022-01-01 00:00:00+00:00
[2026-08-02T18:57:47.699+0000] {logging_mixin.py:188} INFO - [2026-08-02T18:57:47.699+0000] {dag.py:3947} INFO - Setting next_dagrun for example_subdag_operator.section-1 to None, run_after=None
[2026-08-02T18:57:47.701+0000] {logging_mixin.py:188} INFO - [2026-08-02T18:57:47.701+0000] {dag.py:3947} INFO - Setting next_dagrun for example_subdag_operator.section-2 to None, run_after=None
[2026-08-02T18:57:47.709+0000] {logging_mixin.py:188} INFO - [2026-08-02T18:57:47.709+0000] {dag.py:3089} INFO - Sync 2 DAGs
[2026-08-02T18:57:47.715+0000] {logging_mixin.py:188} INFO - [2026-08-02T18:57:47.715+0000] {dag.py:3947} INFO - Setting next_dagrun for example_subdag_operator.section-1 to None, run_after=None
[2026-08-02T18:57:47.716+0000] {logging_mixin.py:188} INFO - [2026-08-02T18:57:47.715+0000] {dag.py:3947} INFO - Setting next_dagrun for example_subdag_operator.section-2 to None, run_after=None
[2026-08-02T18:57:47.728+0000] {processor.py:183} INFO - Processing /home/airflow/.local/lib/python3.12/site-packages/airflow/example_dags/example_subdag_operator.py took 0.103 seconds
[2026-08-02T19:00:10.257+0000] {processor.py:161} INFO - Started process (PID=83) to work on /home/airflow/.local/lib/python3.12/site-packages/airflow/example_dags/example_subdag_operator.py
[2026-08-02T19:00:10.259+0000] {processor.py:830} INFO - Processing file /home/airflow/.local/lib/python3.12/site-packages/airflow/example_dags/example_subdag_operator.py for tasks to queue
[2026-08-02T19:00:10.262+0000] {logging_mixin.py:188} INFO - [2026-08-02T19:00:10.262+0000] {dagbag.py:545} INFO - Filling up the DagBag from /home/airflow/.local/lib/python3.12/site-packages/airflow/example_dags/example_subdag_operator.py
[2026-08-02T19:00:10.296+0000] {processor.py:840} INFO - DAG(s) 'example_subdag_operator.section-1', 'example_subdag_operator.section-2', 'example_subdag_operator' retrieved from /home/airflow/.local/lib/python3.12/site-packages/airflow/example_dags/example_subdag_operator.py
[2026-08-02T19:00:10.301+0000] {logging_mixin.py:188} INFO - [2026-08-02T19:00:10.300+0000] {dag.py:3089} INFO - Sync 3 DAGs
[2026-08-02T19:00:10.330+0000] {logging_mixin.py:188} INFO - [2026-08-02T19:00:10.330+0000] {dag.py:3947} INFO - Setting next_dagrun for example_subdag_operator to 2022-01-01 00:00:00+00:00, run_after=2022-01-01 00:00:00+00:00
[2026-08-02T19:00:10.336+0000] {logging_mixin.py:188} INFO - [2026-08-02T19:00:10.336+0000] {dag.py:3947} INFO - Setting next_dagrun for example_subdag_operator.section-1 to None, run_after=None
[2026-08-02T19:00:10.338+0000] {logging_mixin.py:188} INFO - [2026-08-02T19:00:10.338+0000] {dag.py:3947} INFO - Setting next_dagrun for example_subdag_operator.section-2 to None, run_after=None
[2026-08-02T19:00:10.349+0000] {logging_mixin.py:188} INFO - [2026-08-02T19:00:10.348+0000] {dag.py:3089} INFO - Sync 2 DAGs
[2026-08-02T19:00:10.355+0000] {logging_mixin.py:188} INFO - [2026-08-02T19:00:10.355+0000] {dag.py:3947} INFO - Setting next_dagrun for example_subdag_operator.section-1 to None, run_after=None
[2026-08-02T19:00:10.356+0000] {logging_mixin.py:188} INFO - [2026-08-02T19:00:10.356+0000] {dag.py:3947} INFO - Setting next_dagrun for example_subdag_operator.section-2 to None, run_after=None
[2026-08-02T19:00:10.378+0000] {processor.py:183} INFO - Processing /home/airflow/.local/lib/python3.12/site-packages/airflow/example_dags/example_subdag_operator.py took 0.129 seconds
[2026-08-02T19:00:40.634+0000] {processor.py:161} INFO - Started process (PID=142) to work on /home/airflow/.local/lib/python3.12/site-packages/airflow/example_dags/example_subdag_operator.py
[2026-08-02T19:00:40.636+0000] {processor.py:830} INFO - Processing file /home/airflow/.local/lib/python3.12/site-packages/airflow/example_dags/example_subdag_operator.py for tasks to queue
[2026-08-02T19:00:40.638+0000] {logging_mixin.py:188} INFO - [2026-08-02T19:00:40.637+0000] {dagbag.py:545} INFO - Filling up the DagBag from /home/airflow/.local/lib/python3.12/site-packages/airflow/example_dags/example_subdag_operator.py
[2026-08-02T19:00:40.659+0000] {processor.py:840} INFO - DAG(s) 'example_subdag_operator.section-1', 'example_subdag_operator.section-2', 'example_subdag_operator' retrieved from /home/airflow/.local/lib/python3.12/site-packages/airflow/example_dags/example_subdag_operator.py
[2026-08-02T19:00:40.742+0000] {logging_mixin.py:188} INFO - [2026-08-02T19:00:40.742+0000] {dag.py:3089} INFO - Sync 3 DAGs
[2026-08-02T19:00:40.760+0000] {logging_mixin.py:188} INFO - [2026-08-02T19:00:40.760+0000] {dag.py:3947} INFO - Setting next_dagrun for example_subdag_operator to 2022-01-01 00:00:00+00:00, run_after=2022-01-01 00:00:00+00:00
[2026-08-02T19:00:40.764+0000] {logging_mixin.py:188} INFO - [2026-08-02T19:00:40.764+0000] {dag.py:3947} INFO - Setting next_dagrun for example_subdag_operator.section-1 to None, run_after=None
[2026-08-02T19:00:40.766+0000] {logging_mixin.py:188} INFO - [2026-08-02T19:00:40.765+0000] {dag.py:3947} INFO - Setting next_dagrun for example_subdag_operator.section-2 to None, run_after=None
[2026-08-02T19:00:40.774+0000] {logging_mixin.py:188} INFO - [2026-08-02T19:00:40.774+0000] {dag.py:3089} INFO - Sync 2 DAGs
[2026-08-02T19:00:40.779+0000] {logging_mixin.py:188} INFO - [2026-08-02T19:00:40.779+0000] {dag.py:3947} INFO - Setting next_dagrun for example_subdag_operator.section-1 to None, run_after=None
[2026-08-02T19:00:40.780+0000] {logging_mixin.py:188} INFO - [2026-08-02T19:00:40.780+0000] {dag.py:3947} INFO - Setting next_dagrun for example_subdag_operator.section-2 to None, run_after=None
[2026-08-02T19:00:40.790+0000] {processor.py:183} INFO - Processing /home/airflow/.local/lib/python3.12/site-packages/airflow/example_dags/example_subdag_operator.py took 0.162 seconds
[2026-08-02T19:01:11.176+0000] {processor.py:161} INFO - Started process (PID=201) to work on /home/airflow/.local/lib/python3.12/site-packages/airflow/example_dags/example_subdag_operator.py
[2026-08-02T19:01:11.178+0000] {processor.py:830} INFO - Processing file /home/airflow/.local/lib/python3.12/site-packages/airflow/example_dags/example_subdag_operator.py for tasks to queue
[2026-08-02T19:01:11.180+0000] {logging_mixin.py:188} INFO - [2026-08-02T19:01:11.179+0000] {dagbag.py:545} INFO - Filling up the DagBag from /home/airflow/.local/lib/python3.12/site-packages/airflow/example_dags/example_subdag_operator.py
[2026-08-02T19:01:11.202+0000] {processor.py:840} INFO - DAG(s) 'example_subdag_operator.section-1', 'example_subdag_operator.section-2', 'example_subdag_operator' retrieved from /home/airflow/.local/lib/python3.12/site-packages/airflow/example_dags/example_subdag_operator.py
[2026-08-02T19:01:11.219+0000] {logging_mixin.py:188} INFO - [2026-08-02T19:01:11.219+0000] {dag.py:3089} INFO - Sync 3 DAGs
[2026-08-02T19:01:11.241+0000] {logging_mixin.py:188} INFO - [2026-08-02T19:01:11.240+0000] {dag.py:3947} INFO - Setting next_dagrun for example_subdag_operator to 2022-01-01 00:00:00+00:00, run_after=2022-01-01 00:00:00+00:00
[2026-08-02T19:01:11.245+0000] {logging_mixin.py:188} INFO - [2026-08-02T19:01:11.244+0000] {dag.py:3947} INFO - Setting next_dagrun for example_subdag_operator.section-1 to None, run_after=None
[2026-08-02T19:01:11.246+0000] {logging_mixin.py:188} INFO - [2026-08-02T19:01:11.246+0000] {dag.py:3947} INFO - Setting next_dagrun for example_subdag_operator.section-2 to None, run_after=None
[2026-08-02T19:01:11.254+0000] {logging_mixin.py:188} INFO - [2026-08-02T19:01:11.254+0000] {dag.py:3089} INFO - Sync 2 DAGs
[2026-08-02T19:01:11.259+0000] {logging_mixin.py:188} INFO - [2026-08-02T19:01:11.259+0000] {dag.py:3947} INFO - Setting next_dagrun for example_subdag_operator.section-1 to None, run_after=None
[2026-08-02T19:01:11.260+0000] {logging_mixin.py:188} INFO - [2026-08-02T19:01:11.260+0000] {dag.py:3947} INFO - Setting next_dagrun for example_subdag_operator.section-2 to None, run_after=None
[2026-08-02T19:01:11.272+0000] {processor.py:183} INFO - Processing /home/airflow/.local/lib/python3.12/site-packages/airflow/example_dags/example_subdag_operator.py took 0.102 seconds
[2026-08-02T19:01:41.687+0000] {processor.py:161} INFO - Started process (PID=261) to work on /home/airflow/.local/lib/python3.12/site-packages/airflow/example_dags/example_subdag_operator.py
[2026-08-02T19:01:41.688+0000] {processor.py:830} INFO - Processing file /home/airflow/.local/lib/python3.12/site-packages/airflow/example_dags/example_subdag_operator.py for tasks to queue
[2026-08-02T19:01:41.690+0000] {logging_mixin.py:188} INFO - [2026-08-02T19:01:41.690+0000] {dagbag.py:545} INFO - Filling up the DagBag from /home/airflow/.local/lib/python3.12/site-packages/airflow/example_dags/example_subdag_operator.py
[2026-08-02T19:01:41.713+0000] {processor.py:840} INFO - DAG(s) 'example_subdag_operator.section-1', 'example_subdag_operator.section-2', 'example_subdag_operator' retrieved from /home/airflow/.local/lib/python3.12/site-packages/airflow/example_dags/example_subdag_operator.py
[2026-08-02T19:01:41.728+0000] {logging_mixin.py:188} INFO - [2026-08-02T19:01:41.728+0000] {dag.py:3089} INFO - Sync 3 DAGs
[2026-08-02T19:01:41.753+0000] {logging_mixin.py:188} INFO - [2026-08-02T19:01:41.753+0000] {dag.py:3947} INFO - Setting next_dagrun for example_subdag_operator to 2022-01-01 00:00:00+00:00, run_after=2022-01-01 00:00:00+00:00
[2026-08-02T19:01:41.758+0000] {logging_mixin.py:188} INFO - [2026-08-02T19:01:41.758+0000] {dag.py:3947} INFO - Setting next_dagrun for example_subdag_operator.section-1 to None, run_after=None
[2026-08-02T19:01:41.760+0000] {logging_mixin.py:188} INFO - [2026-08-02T19:01:41.760+0000] {dag.py:3947} INFO - Setting next_dagrun for example_subdag_operator.section-2 to None, run_after=None
[2026-08-02T19:01:41.769+0000] {logging_mixin.py:188} INFO - [2026-08-02T19:01:41.768+0000] {dag.py:3089} INFO - Sync 2 DAGs
[2026-08-02T19:01:41.774+0000] {logging_mixin.py:188} INFO - [2026-08-02T19:01:41.774+0000] {dag.py:3947} INFO - Setting next_dagrun for example_subdag_operator.section-1 to None, run_after=None
[2026-08-02T19:01:41.775+0000] {logging_mixin.py:188} INFO - [2026-08-02T19:01:41.775+0000] {dag.py:3947} INFO - Setting next_dagrun for example_subdag_operator.section-2 to None, run_after=None
[2026-08-02T19:01:41.786+0000] {processor.py:183} INFO - Processing /home/airflow/.local/lib/python3.12/site-packages/airflow/example_dags/example_subdag_operator.py took 0.105 seconds
[2026-08-02T19:02:11.890+0000] {processor.py:161} INFO - Started process (PID=320) to work on /home/airflow/.local/lib/python3.12/site-packages/airflow/example_dags/example_subdag_operator.py
[2026-08-02T19:02:11.892+0000] {processor.py:830} INFO - Processing file /home/airflow/.local/lib/python3.12/site-packages/airflow/example_dags/example_subdag_operator.py for tasks to queue
[2026-08-02T19:02:11.894+0000] {logging_mixin.py:188} INFO - [2026-08-02T19:02:11.894+0000] {dagbag.py:545} INFO - Filling up the DagBag from /home/airflow/.local/lib/python3.12/site-packages/airflow/example_dags/example_subdag_operator.py
[2026-08-02T19:02:11.921+0000] {processor.py:840} INFO - DAG(s) 'example_subdag_operator.section-1', 'example_subdag_operator.section-2', 'example_subdag_operator' retrieved from /home/airflow/.local/lib/python3.12/site-packages/airflow/example_dags/example_subdag_operator.py
[2026-08-02T19:02:11.937+0000] {logging_mixin.py:188} INFO - [2026-08-02T19:02:11.937+0000] {dag.py:3089} INFO - Sync 3 DAGs
[2026-08-02T19:02:11.958+0000] {logging_mixin.py:188} INFO - [2026-08-02T19:02:11.958+0000] {dag.py:3947} INFO - Setting next_dagrun for example_subdag_operator to 2022-01-01 00:00:00+00:00, run_after=2022-01-01 00:00:00+00:00
[2026-08-02T19:02:11.963+0000] {logging_mixin.py:188} INFO - [2026-08-02T19:02:11.962+0000] {dag.py:3947} INFO - Setting next_dagrun for example_subdag_operator.section-1 to None, run_after=None
[2026-08-02T19:02:11.964+0000] {logging_mixin.py:188} INFO - [2026-08-02T19:02:11.964+0000] {dag.py:3947} INFO - Setting next_dagrun for example_subdag_operator.section-2 to None, run_after=None
[2026-08-02T19:02:11.972+0000] {logging_mixin.py:188} INFO - [2026-08-02T19:02:11.972+0000] {dag.py:3089} INFO - Sync 2 DAGs
[2026-08-02T19:02:11.977+0000] {logging_mixin.py:188} INFO - [2026-08-02T19:02:11.977+0000] {dag.py:3947} INFO - Setting next_dagrun for example_subdag_operator.section-1 to None, run_after=None
[2026-08-02T19:02:11.978+0000] {logging_mixin.py:188} INFO - [2026-08-02T19:02:11.978+0000] {dag.py:3947} INFO - Setting next_dagrun for example_subdag_operator.section-2 to None, run_after=None
[2026-08-02T19:02:11.989+0000] {processor.py:183} INFO - Processing /home/airflow/.local/lib/python3.12/site-packages/airflow/example_dags/example_subdag_operator.py took 0.104 seconds
[2026-08-02T19:02:42.087+0000] {processor.py:161} INFO - Started process (PID=379) to work on /home/airflow/.local/lib/python3.12/site-packages/airflow/example_dags/example_subdag_operator.py
[2026-08-02T19:02:42.089+0000] {processor.py:830} INFO - Processing file /home/airflow/.local/lib/python3.12/site-packages/airflow/example_dags/example_subdag_operator.py for tasks to queue
[2026-08-02T19:02:42.091+0000] {logging_mixin.py:188} INFO - [2026-08-02T19:02:42.091+0000] {dagbag.py:545} INFO - Filling up the DagBag from /home/airflow/.local/lib/python3.12/site-packages/airflow/example_dags/example_subdag_operator.py
[2026-08-02T19:02:42.113+0000] {processor.py:840} INFO - DAG(s) 'example_subdag_operator.section-1', 'example_subdag_operator.section-2', 'example_subdag_operator' retrieved from /home/airflow/.local/lib/python3.12/site-packages/airflow/example_dags/example_subdag_operator.py
[2026-08-02T19:02:42.127+0000] {logging_mixin.py:188} INFO - [2026-08-02T19:02:42.127+0000] {dag.py:3089} INFO - Sync 3 DAGs
[2026-08-02T19:02:42.147+0000] {logging_mixin.py:188} INFO - [2026-08-02T19:02:42.146+0000] {dag.py:3947} INFO - Setting next_dagrun for example_subdag_operator to 2022-01-01 00:00:00+00:00, run_after=2022-01-01 00:00:00+00:00
[2026-08-02T19:02:42.151+0000] {logging_mixin.py:188} INFO - [2026-08-02T19:02:42.150+0000] {dag.py:3947} INFO - Setting next_dagrun for example_subdag_operator.section-1 to None, run_after=None
[2026-08-02T19:02:42.152+0000] {logging_mixin.py:188} INFO - [2026-08-02T19:02:42.152+0000] {dag.py:3947} INFO - Setting next_dagrun for example_subdag_operator.section-2 to None, run_after=None
[2026-08-02T19:02:42.159+0000] {logging_mixin.py:188} INFO - [2026-08-02T19:02:42.159+0000] {dag.py:3089} INFO - Sync 2 DAGs
[2026-08-02T19:02:42.165+0000] {logging_mixin.py:188} INFO - [2026-08-02T19:02:42.164+0000] {dag.py:3947} INFO - Setting next_dagrun for example_subdag_operator.section-1 to None, run_after=None
[2026-08-02T19:02:42.166+0000] {logging_mixin.py:188} INFO - [2026-08-02T19:02:42.166+0000] {dag.py:3947} INFO - Setting next_dagrun for example_subdag_operator.section-2 to None, run_after=None
[2026-08-02T19:02:42.178+0000] {processor.py:183} INFO - Processing /home/airflow/.local/lib/python3.12/site-packages/airflow/example_dags/example_subdag_operator.py took 0.097 seconds
[2026-08-02T19:03:12.280+0000] {processor.py:161} INFO - Started process (PID=439) to work on /home/airflow/.local/lib/python3.12/site-packages/airflow/example_dags/example_subdag_operator.py
[2026-08-02T19:03:12.281+0000] {processor.py:830} INFO - Processing file /home/airflow/.local/lib/python3.12/site-packages/airflow/example_dags/example_subdag_operator.py for tasks to queue
[2026-08-02T19:03:12.283+0000] {logging_mixin.py:188} INFO - [2026-08-02T19:03:12.283+0000] {dagbag.py:545} INFO - Filling up the DagBag from /home/airflow/.local/lib/python3.12/site-packages/airflow/example_dags/example_subdag_operator.py
[2026-08-02T19:03:12.309+0000] {processor.py:840} INFO - DAG(s) 'example_subdag_operator.section-1', 'example_subdag_operator.section-2', 'example_subdag_operator' retrieved from /home/airflow/.local/lib/python3.12/site-packages/airflow/example_dags/example_subdag_operator.py
[2026-08-02T19:03:12.329+0000] {logging_mixin.py:188} INFO - [2026-08-02T19:03:12.329+0000] {dag.py:3089} INFO - Sync 3 DAGs
[2026-08-02T19:03:12.354+0000] {logging_mixin.py:188} INFO - [2026-08-02T19:03:12.354+0000] {dag.py:3947} INFO - Setting next_dagrun for example_subdag_operator to 2022-01-01 00:00:00+00:00, run_after=2022-01-01 00:00:00+00:00
[2026-08-02T19:03:12.358+0000] {logging_mixin.py:188} INFO - [2026-08-02T19:03:12.358+0000] {dag.py:3947} INFO - Setting next_dagrun for example_subdag_operator.section-1 to None, run_after=None
[2026-08-02T19:03:12.360+0000] {logging_mixin.py:188} INFO - [2026-08-02T19:03:12.360+0000] {dag.py:3947} INFO - Setting next_dagrun for example_subdag_operator.section-2 to None, run_after=None
[2026-08-02T19:03:12.367+0000] {logging_mixin.py:188} INFO - [2026-08-02T19:03:12.366+0000] {dag.py:3089} INFO - Sync 2 DAGs
[2026-08-02T19:03:12.371+0000] {logging_mixin.py:188} INFO - [2026-08-02T19:03:12.371+0000] {dag.py:3947} INFO - Setting next_dagrun for example_subdag_operator.section-1 to None, run_after=None
[2026-08-02T19:03:12.373+0000] {logging_mixin.py:188} INFO - [2026-08-02T19:03:12.372+0000] {dag.py:3947} INFO - Setting next_dagrun for example_subdag_operator.section-2 to None, run_after=None
[2026-08-02T19:03:12.385+0000] {processor.py:183} INFO - Processing /home/airflow/.local/lib/python3.12/site-packages/airflow/example_dags/example_subdag_operator.py took 0.111 seconds
[2026-08-02T19:03:43.152+0000] {processor.py:161} INFO - Started process (PID=498) to work on /home/airflow/.local/lib/python3.12/site-packages/airflow/example_dags/example_subdag_operator.py
[2026-08-02T19:03:43.153+0000] {processor.py:830} INFO - Processing file /home/airflow/.local/lib/python3.12/site-packages/airflow/example_dags/example_subdag_operator.py for tasks to queue
[2026-08-02T19:03:43.155+0000] {logging_mixin.py:188} INFO - [2026-08-02T19:03:43.155+0000] {dagbag.py:545} INFO - Filling up the DagBag from /home/airflow/.local/lib/python3.12/site-packages/airflow/example_dags/example_subdag_operator.py
[2026-08-02T19:03:43.177+0000] {processor.py:840} INFO - DAG(s) 'example_subdag_operator.section-1', 'example_subdag_operator.section-2', 'example_subdag_operator' retrieved from /home/airflow/.local/lib/python3.12/site-packages/airflow/example_dags/example_subdag_operator.py
[2026-08-02T19:03:43.191+0000] {logging_mixin.py:188} INFO - [2026-08-02T19:03:43.191+0000] {dag.py:3089} INFO - Sync 3 DAGs
[2026-08-02T19:03:43.212+0000] {logging_mixin.py:188} INFO - [2026-08-02T19:03:43.211+0000] {dag.py:3947} INFO - Setting next_dagrun for example_subdag_operator to 2022-01-01 00:00:00+00:00, run_after=2022-01-01 00:00:00+00:00
[2026-08-02T19:03:43.216+0000] {logging_mixin.py:188} INFO - [2026-08-02T19:03:43.216+0000] {dag.py:3947} INFO - Setting next_dagrun for example_subdag_operator.section-1 to None, run_after=None
[2026-08-02T19:03:43.218+0000] {logging_mixin.py:188} INFO - [2026-08-02T19:03:43.218+0000] {dag.py:3947} INFO - Setting next_dagrun for example_subdag_operator.section-2 to None, run_after=None
[2026-08-02T19:03:43.225+0000] {logging_mixin.py:188} INFO - [2026-08-02T19:03:43.224+0000] {dag.py:3089} INFO - Sync 2 DAGs
[2026-08-02T19:03:43.229+0000] {logging_mixin.py:188} INFO - [2026-08-02T19:03:43.229+0000] {dag.py:3947} INFO - Setting next_dagrun for example_subdag_operator.section-1 to None, run_after=None
[2026-08-02T19:03:43.230+0000] {logging_mixin.py:188} INFO - [2026-08-02T19:03:43.230+0000] {dag.py:3947} INFO - Setting next_dagrun for example_subdag_operator.section-2 to None, run_after=None
[2026-08-02T19:03:43.241+0000] {processor.py:183} INFO - Processing /home/airflow/.local/lib/python3.12/site-packages/airflow/example_dags/example_subdag_operator.py took 0.095 seconds
[2026-08-02T19:04:14.276+0000] {processor.py:161} INFO - Started process (PID=557) to work on /home/airflow/.local/lib/python3.12/site-packages/airflow/example_dags/example_subdag_operator.py
[2026-08-02T19:04:14.279+0000] {processor.py:830} INFO - Processing file /home/airflow/.local/lib/python3.12/site-packages/airflow/example_dags/example_subdag_operator.py for tasks to queue
[2026-08-02T19:04:14.283+0000] {logging_mixin.py:188} INFO - [2026-08-02T19:04:14.283+0000] {dagbag.py:545} INFO - Filling up the DagBag from /home/airflow/.local/lib/python3.12/site-packages/airflow/example_dags/example_subdag_operator.py
[2026-08-02T19:04:14.315+0000] {processor.py:840} INFO - DAG(s) 'example_subdag_operator.section-1', 'example_subdag_operator.section-2', 'example_subdag_operator' retrieved from /home/airflow/.local/lib/python3.12/site-packages/airflow/example_dags/example_subdag_operator.py
[2026-08-02T19:04:14.329+0000] {logging_mixin.py:188} INFO - [2026-08-02T19:04:14.329+0000] {dag.py:3089} INFO - Sync 3 DAGs
[2026-08-02T19:04:14.355+0000] {logging_mixin.py:188} INFO - [2026-08-02T19:04:14.355+0000] {dag.py:3947} INFO - Setting next_dagrun for example_subdag_operator to 2022-01-01 00:00:00+00:00, run_after=2022-01-01 00:00:00+00:00
[2026-08-02T19:04:14.361+0000] {logging_mixin.py:188} INFO - [2026-08-02T19:04:14.360+0000] {dag.py:3947} INFO - Setting next_dagrun for example_subdag_operator.section-1 to None, run_after=None
[2026-08-02T19:04:14.363+0000] {logging_mixin.py:188} INFO - [2026-08-02T19:04:14.363+0000] {dag.py:3947} INFO - Setting next_dagrun for example_subdag_operator.section-2 to None, run_after=None
[2026-08-02T19:04:14.371+0000] {logging_mixin.py:188} INFO - [2026-08-02T19:04:14.370+0000] {dag.py:3089} INFO - Sync 2 DAGs
[2026-08-02T19:04:14.379+0000] {logging_mixin.py:188} INFO - [2026-08-02T19:04:14.378+0000] {dag.py:3947} INFO - Setting next_dagrun for example_subdag_operator.section-1 to None, run_after=None
[2026-08-02T19:04:14.380+0000] {logging_mixin.py:188} INFO - [2026-08-02T19:04:14.379+0000] {dag.py:3947} INFO - Setting next_dagrun for example_subdag_operator.section-2 to None, run_after=None
[2026-08-02T19:04:14.394+0000] {processor.py:183} INFO - Processing /home/airflow/.local/lib/python3.12/site-packages/airflow/example_dags/example_subdag_operator.py took 0.131 seconds
[2026-08-02T19:04:44.903+0000] {processor.py:161} INFO - Started process (PID=616) to work on /home/airflow/.local/lib/python3.12/site-packages/airflow/example_dags/example_subdag_operator.py
[2026-08-02T19:04:44.905+0000] {processor.py:830} INFO - Processing file /home/airflow/.local/lib/python3.12/site-packages/airflow/example_dags/example_subdag_operator.py for tasks to queue
[2026-08-02T19:04:44.907+0000] {logging_mixin.py:188} INFO - [2026-08-02T19:04:44.907+0000] {dagbag.py:545} INFO - Filling up the DagBag from /home/airflow/.local/lib/python3.12/site-packages/airflow/example_dags/example_subdag_operator.py
[2026-08-02T19:04:44.929+0000] {processor.py:840} INFO - DAG(s) 'example_subdag_operator.section-1', 'example_subdag_operator.section-2', 'example_subdag_operator' retrieved from /home/airflow/.local/lib/python3.12/site-packages/airflow/example_dags/example_subdag_operator.py
[2026-08-02T19:04:44.942+0000] {logging_mixin.py:188} INFO - [2026-08-02T19:04:44.942+0000] {dag.py:3089} INFO - Sync 3 DAGs
[2026-08-02T19:04:44.962+0000] {logging_mixin.py:188} INFO - [2026-08-02T19:04:44.961+0000] {dag.py:3947} INFO - Setting next_dagrun for example_subdag_operator to 2022-01-01 00:00:00+00:00, run_after=2022-01-01 00:00:00+00:00
[2026-08-02T19:04:44.965+0000] {logging_mixin.py:188} INFO - [2026-08-02T19:04:44.965+0000] {dag.py:3947} INFO - Setting next_dagrun for example_subdag_operator.section-1 to None, run_after=None
[2026-08-02T19:04:44.968+0000] {logging_mixin.py:188} INFO - [2026-08-02T19:04:44.968+0000] {dag.py:3947} INFO - Setting next_dagrun for example_subdag_operator.section-2 to None, run_after=None
[2026-08-02T19:04:44.975+0000] {logging_mixin.py:188} INFO - [2026-08-02T19:04:44.974+0000] {dag.py:3089} INFO - Sync 2 DAGs
[2026-08-02T19:04:44.980+0000] {logging_mixin.py:188} INFO - [2026-08-02T19:04:44.980+0000] {dag.py:3947} INFO - Setting next_dagrun for example_subdag_operator.section-1 to None, run_after=None
[2026-08-02T19:04:44.981+0000] {logging_mixin.py:188} INFO - [2026-08-02T19:04:44.981+0000] {dag.py:3947} INFO - Setting next_dagrun for example_subdag_operator.section-2 to None, run_after=None
[2026-08-02T19:04:44.993+0000] {processor.py:183} INFO - Processing /home/airflow/.local/lib/python3.12/site-packages/airflow/example_dags/example_subdag_operator.py took 0.096 seconds
[2026-08-02T19:05:15.217+0000] {processor.py:161} INFO - Started process (PID=675) to work on /home/airflow/.local/lib/python3.12/site-packages/airflow/example_dags/example_subdag_operator.py
[2026-08-02T19:05:15.219+0000] {processor.py:830} INFO - Processing file /home/airflow/.local/lib/python3.12/site-packages/airflow/example_dags/example_subdag_operator.py for tasks to queue
[2026-08-02T19:05:15.225+0000] {logging_mixin.py:188} INFO - [2026-08-02T19:05:15.224+0000] {dagbag.py:545} INFO - Filling up the DagBag from /home/airflow/.local/lib/python3.12/site-packages/airflow/example_dags/example_subdag_operator.py
[2026-08-02T19:05:15.261+0000] {processor.py:840} INFO - DAG(s) 'example_subdag_operator.section-1', 'example_subdag_operator.section-2', 'example_subdag_operator' retrieved from /home/airflow/.local/lib/python3.12/site-packages/airflow/example_dags/example_subdag_operator.py
[2026-08-02T19:05:15.277+0000] {logging_mixin.py:188} INFO - [2026-08-02T19:05:15.277+0000] {dag.py:3089} INFO - Sync 3 DAGs
[2026-08-02T19:05:15.299+0000] {logging_mixin.py:188} INFO - [2026-08-02T19:05:15.299+0000] {dag.py:3947} INFO - Setting next_dagrun for example_subdag_operator to 2022-01-01 00:00:00+00:00, run_after=2022-01-01 00:00:00+00:00
[2026-08-02T19:05:15.304+0000] {logging_mixin.py:188} INFO - [2026-08-02T19:05:15.304+0000] {dag.py:3947} INFO - Setting next_dagrun for example_subdag_operator.section-1 to None, run_after=None
[2026-08-02T19:05:15.306+0000] {logging_mixin.py:188} INFO - [2026-08-02T19:05:15.306+0000] {dag.py:3947} INFO - Setting next_dagrun for example_subdag_operator.section-2 to None, run_after=None
[2026-08-02T19:05:15.314+0000] {logging_mixin.py:188} INFO - [2026-08-02T19:05:15.314+0000] {dag.py:3089} INFO - Sync 2 DAGs
[2026-08-02T19:05:15.321+0000] {logging_mixin.py:188} INFO - [2026-08-02T19:05:15.321+0000] {dag.py:3947} INFO - Setting next_dagrun for example_subdag_operator.section-1 to None, run_after=None
[2026-08-02T19:05:15.322+0000] {logging_mixin.py:188} INFO - [2026-08-02T19:05:15.322+0000] {dag.py:3947} INFO - Setting next_dagrun for example_subdag_operator.section-2 to None, run_after=None
[2026-08-02T19:05:15.335+0000] {processor.py:183} INFO - Processing /home/airflow/.local/lib/python3.12/site-packages/airflow/example_dags/example_subdag_operator.py took 0.131 seconds
[2026-08-02T19:05:46.156+0000] {processor.py:161} INFO - Started process (PID=734) to work on /home/airflow/.local/lib/python3.12/site-packages/airflow/example_dags/example_subdag_operator.py
[2026-08-02T19:05:46.159+0000] {processor.py:830} INFO - Processing file /home/airflow/.local/lib/python3.12/site-packages/airflow/example_dags/example_subdag_operator.py for tasks to queue
[2026-08-02T19:05:46.163+0000] {logging_mixin.py:188} INFO - [2026-08-02T19:05:46.162+0000] {dagbag.py:545} INFO - Filling up the DagBag from /home/airflow/.local/lib/python3.12/site-packages/airflow/example_dags/example_subdag_operator.py
[2026-08-02T19:05:46.191+0000] {processor.py:840} INFO - DAG(s) 'example_subdag_operator.section-1', 'example_subdag_operator.section-2', 'example_subdag_operator' retrieved from /home/airflow/.local/lib/python3.12/site-packages/airflow/example_dags/example_subdag_operator.py
[2026-08-02T19:05:46.205+0000] {logging_mixin.py:188} INFO - [2026-08-02T19:05:46.205+0000] {dag.py:3089} INFO - Sync 3 DAGs
[2026-08-02T19:05:46.225+0000] {logging_mixin.py:188} INFO - [2026-08-02T19:05:46.225+0000] {dag.py:3947} INFO - Setting next_dagrun for example_subdag_operator to 2022-01-01 00:00:00+00:00, run_after=2022-01-01 00:00:00+00:00
[2026-08-02T19:05:46.229+0000] {logging_mixin.py:188} INFO - [2026-08-02T19:05:46.229+0000] {dag.py:3947} INFO - Setting next_dagrun for example_subdag_operator.section-1 to None, run_after=None
[2026-08-02T19:05:46.231+0000] {logging_mixin.py:188} INFO - [2026-08-02T19:05:46.231+0000] {dag.py:3947} INFO - Setting next_dagrun for example_subdag_operator.section-2 to None, run_after=None
[2026-08-02T19:05:46.238+0000] {logging_mixin.py:188} INFO - [2026-08-02T19:05:46.238+0000] {dag.py:3089} INFO - Sync 2 DAGs
[2026-08-02T19:05:46.243+0000] {logging_mixin.py:188} INFO - [2026-08-02T19:05:46.243+0000] {dag.py:3947} INFO - Setting next_dagrun for example_subdag_operator.section-1 to None, run_after=None
[2026-08-02T19:05:46.244+0000] {logging_mixin.py:188} INFO - [2026-08-02T19:05:46.244+0000] {dag.py:3947} INFO - Setting next_dagrun for example_subdag_operator.section-2 to None, run_after=None
[2026-08-02T19:05:46.256+0000] {processor.py:183} INFO - Processing /home/airflow/.local/lib/python3.12/site-packages/airflow/example_dags/example_subdag_operator.py took 0.112 seconds
[2026-08-02T19:06:16.739+0000] {processor.py:161} INFO - Started process (PID=793) to work on /home/airflow/.local/lib/python3.12/site-packages/airflow/example_dags/example_subdag_operator.py
[2026-08-02T19:06:16.741+0000] {processor.py:830} INFO - Processing file /home/airflow/.local/lib/python3.12/site-packages/airflow/example_dags/example_subdag_operator.py for tasks to queue
[2026-08-02T19:06:16.745+0000] {logging_mixin.py:188} INFO - [2026-08-02T19:06:16.744+0000] {dagbag.py:545} INFO - Filling up the DagBag from /home/airflow/.local/lib/python3.12/site-packages/airflow/example_dags/example_subdag_operator.py
[2026-08-02T19:06:16.768+0000] {processor.py:840} INFO - DAG(s) 'example_subdag_operator.section-1', 'example_subdag_operator.section-2', 'example_subdag_operator' retrieved from /home/airflow/.local/lib/python3.12/site-packages/airflow/example_dags/example_subdag_operator.py
[2026-08-02T19:06:16.782+0000] {logging_mixin.py:188} INFO - [2026-08-02T19:06:16.782+0000] {dag.py:3089} INFO - Sync 3 DAGs
[2026-08-02T19:06:16.805+0000] {logging_mixin.py:188} INFO - [2026-08-02T19:06:16.805+0000] {dag.py:3947} INFO - Setting next_dagrun for example_subdag_operator to 2022-01-01 00:00:00+00:00, run_after=2022-01-01 00:00:00+00:00
[2026-08-02T19:06:16.810+0000] {logging_mixin.py:188} INFO - [2026-08-02T19:06:16.809+0000] {dag.py:3947} INFO - Setting next_dagrun for example_subdag_operator.section-1 to None, run_after=None
[2026-08-02T19:06:16.812+0000] {logging_mixin.py:188} INFO - [2026-08-02T19:06:16.811+0000] {dag.py:3947} INFO - Setting next_dagrun for example_subdag_operator.section-2 to None, run_after=None
[2026-08-02T19:06:16.819+0000] {logging_mixin.py:188} INFO - [2026-08-02T19:06:16.819+0000] {dag.py:3089} INFO - Sync 2 DAGs
[2026-08-02T19:06:16.825+0000] {logging_mixin.py:188} INFO - [2026-08-02T19:06:16.824+0000] {dag.py:3947} INFO - Setting next_dagrun for example_subdag_operator.section-1 to None, run_after=None
[2026-08-02T19:06:16.826+0000] {logging_mixin.py:188} INFO - [2026-08-02T19:06:16.825+0000] {dag.py:3947} INFO - Setting next_dagrun for example_subdag_operator.section-2 to None, run_after=None
[2026-08-02T19:06:16.839+0000] {processor.py:183} INFO - Processing /home/airflow/.local/lib/python3.12/site-packages/airflow/example_dags/example_subdag_operator.py took 0.110 seconds
[2026-08-02T19:06:47.484+0000] {processor.py:161} INFO - Started process (PID=852) to work on /home/airflow/.local/lib/python3.12/site-packages/airflow/example_dags/example_subdag_operator.py
[2026-08-02T19:06:47.486+0000] {processor.py:830} INFO - Processing file /home/airflow/.local/lib/python3.12/site-packages/airflow/example_dags/example_subdag_operator.py for tasks to queue
[2026-08-02T19:06:47.489+0000] {logging_mixin.py:188} INFO - [2026-08-02T19:06:47.488+0000] {dagbag.py:545} INFO - Filling up the DagBag from /home/airflow/.local/lib/python3.12/site-packages/airflow/example_dags/example_subdag_operator.py
[2026-08-02T19:06:47.513+0000] {processor.py:840} INFO - DAG(s) 'example_subdag_operator.section-1', 'example_subdag_operator.section-2', 'example_subdag_operator' retrieved from /home/airflow/.local/lib/python3.12/site-packages/airflow/example_dags/example_subdag_operator.py
[2026-08-02T19:06:47.531+0000] {logging_mixin.py:188} INFO - [2026-08-02T19:06:47.531+0000] {dag.py:3089} INFO - Sync 3 DAGs
[2026-08-02T19:06:47.551+0000] {logging_mixin.py:188} INFO - [2026-08-02T19:06:47.551+0000] {dag.py:3947} INFO - Setting next_dagrun for example_subdag_operator to 2022-01-01 00:00:00+00:00, run_after=2022-01-01 00:00:00+00:00
[2026-08-02T19:06:47.555+0000] {logging_mixin.py:188} INFO - [2026-08-02T19:06:47.555+0000] {dag.py:3947} INFO - Setting next_dagrun for example_subdag_operator.section-1 to None, run_after=None
[2026-08-02T19:06:47.557+0000] {logging_mixin.py:188} INFO - [2026-08-02T19:06:47.557+0000] {dag.py:3947} INFO - Setting next_dagrun for example_subdag_operator.section-2 to None, run_after=None
[2026-08-02T19:06:47.564+0000] {logging_mixin.py:188} INFO - [2026-08-02T19:06:47.564+0000] {dag.py:3089} INFO - Sync 2 DAGs
[2026-08-02T19:06:47.569+0000] {logging_mixin.py:188} INFO - [2026-08-02T19:06:47.569+0000] {dag.py:3947} INFO - Setting next_dagrun for example_subdag_operator.section-1 to None, run_after=None
[2026-08-02T19:06:47.570+0000] {logging_mixin.py:188} INFO - [2026-08-02T19:06:47.570+0000] {dag.py:3947} INFO - Setting next_dagrun for example_subdag_operator.section-2 to None, run_after=None
[2026-08-02T19:06:47.581+0000] {processor.py:183} INFO - Processing /home/airflow/.local/lib/python3.12/site-packages/airflow/example_dags/example_subdag_operator.py took 0.104 seconds
[2026-08-02T19:07:17.951+0000] {processor.py:161} INFO - Started process (PID=911) to work on /home/airflow/.local/lib/python3.12/site-packages/airflow/example_dags/example_subdag_operator.py
[2026-08-02T19:07:17.953+0000] {processor.py:830} INFO - Processing file /home/airflow/.local/lib/python3.12/site-packages/airflow/example_dags/example_subdag_operator.py for tasks to queue
[2026-08-02T19:07:17.956+0000] {logging_mixin.py:188} INFO - [2026-08-02T19:07:17.955+0000] {dagbag.py:545} INFO - Filling up the DagBag from /home/airflow/.local/lib/python3.12/site-packages/airflow/example_dags/example_subdag_operator.py
[2026-08-02T19:07:17.980+0000] {processor.py:840} INFO - DAG(s) 'example_subdag_operator.section-1', 'example_subdag_operator.section-2', 'example_subdag_operator' retrieved from /home/airflow/.local/lib/python3.12/site-packages/airflow/example_dags/example_subdag_operator.py
[2026-08-02T19:07:17.997+0000] {logging_mixin.py:188} INFO - [2026-08-02T19:07:17.996+0000] {dag.py:3089} INFO - Sync 3 DAGs
[2026-08-02T19:07:18.018+0000] {logging_mixin.py:188} INFO - [2026-08-02T19:07:18.018+0000] {dag.py:3947} INFO - Setting next_dagrun for example_subdag_operator to 2022-01-01 00:00:00+00:00, run_after=2022-01-01 00:00:00+00:00
[2026-08-02T19:07:18.023+0000] {logging_mixin.py:188} INFO - [2026-08-02T19:07:18.023+0000] {dag.py:3947} INFO - Setting next_dagrun for example_subdag_operator.section-1 to None, run_after=None
[2026-08-02T19:07:18.025+0000] {logging_mixin.py:188} INFO - [2026-08-02T19:07:18.025+0000] {dag.py:3947} INFO - Setting next_dagrun for example_subdag_operator.section-2 to None, run_after=None
[2026-08-02T19:07:18.033+0000] {logging_mixin.py:188} INFO - [2026-08-02T19:07:18.032+0000] {dag.py:3089} INFO - Sync 2 DAGs
[2026-08-02T19:07:18.038+0000] {logging_mixin.py:188} INFO - [2026-08-02T19:07:18.038+0000] {dag.py:3947} INFO - Setting next_dagrun for example_subdag_operator.section-1 to None, run_after=None
[2026-08-02T19:07:18.050+0000] {logging_mixin.py:188} INFO - [2026-08-02T19:07:18.050+0000] {dag.py:3947} INFO - Setting next_dagrun for example_subdag_operator.section-2 to None, run_after=None
[2026-08-02T19:07:18.063+0000] {processor.py:183} INFO - Processing /home/airflow/.local/lib/python3.12/site-packages/airflow/example_dags/example_subdag_operator.py took 0.121 seconds
[2026-08-02T19:07:48.449+0000] {processor.py:161} INFO - Started process (PID=970) to work on /home/airflow/.local/lib/python3.12/site-packages/airflow/example_dags/example_subdag_operator.py
[2026-08-02T19:07:48.451+0000] {processor.py:830} INFO - Processing file /home/airflow/.local/lib/python3.12/site-packages/airflow/example_dags/example_subdag_operator.py for tasks to queue
[2026-08-02T19:07:48.453+0000] {logging_mixin.py:188} INFO - [2026-08-02T19:07:48.453+0000] {dagbag.py:545} INFO - Filling up the DagBag from /home/airflow/.local/lib/python3.12/site-packages/airflow/example_dags/example_subdag_operator.py
[2026-08-02T19:07:48.484+0000] {processor.py:840} INFO - DAG(s) 'example_subdag_operator.section-1', 'example_subdag_operator.section-2', 'example_subdag_operator' retrieved from /home/airflow/.local/lib/python3.12/site-packages/airflow/example_dags/example_subdag_operator.py
[2026-08-02T19:07:48.501+0000] {logging_mixin.py:188} INFO - [2026-08-02T19:07:48.500+0000] {dag.py:3089} INFO - Sync 3 DAGs
[2026-08-02T19:07:48.523+0000] {logging_mixin.py:188} INFO - [2026-08-02T19:07:48.522+0000] {dag.py:3947} INFO - Setting next_dagrun for example_subdag_operator to 2022-01-01 00:00:00+00:00, run_after=2022-01-01 00:00:00+00:00
[2026-08-02T19:07:48.527+0000] {logging_mixin.py:188} INFO - [2026-08-02T19:07:48.527+0000] {dag.py:3947} INFO - Setting next_dagrun for example_subdag_operator.section-1 to None, run_after=None
[2026-08-02T19:07:48.530+0000] {logging_mixin.py:188} INFO - [2026-08-02T19:07:48.529+0000] {dag.py:3947} INFO - Setting next_dagrun for example_subdag_operator.section-2 to None, run_after=None
[2026-08-02T19:07:48.541+0000] {logging_mixin.py:188} INFO - [2026-08-02T19:07:48.541+0000] {dag.py:3089} INFO - Sync 2 DAGs
[2026-08-02T19:07:48.549+0000] {logging_mixin.py:188} INFO - [2026-08-02T19:07:48.549+0000] {dag.py:3947} INFO - Setting next_dagrun for example_subdag_operator.section-1 to None, run_after=None
[2026-08-02T19:07:48.550+0000] {logging_mixin.py:188} INFO - [2026-08-02T19:07:48.550+0000] {dag.py:3947} INFO - Setting next_dagrun for example_subdag_operator.section-2 to None, run_after=None
[2026-08-02T19:07:48.576+0000] {processor.py:183} INFO - Processing /home/airflow/.local/lib/python3.12/site-packages/airflow/example_dags/example_subdag_operator.py took 0.134 seconds
[2026-08-02T19:08:18.835+0000] {processor.py:161} INFO - Started process (PID=1029) to work on /home/airflow/.local/lib/python3.12/site-packages/airflow/example_dags/example_subdag_operator.py
[2026-08-02T19:08:18.837+0000] {processor.py:830} INFO - Processing file /home/airflow/.local/lib/python3.12/site-packages/airflow/example_dags/example_subdag_operator.py for tasks to queue
[2026-08-02T19:08:18.840+0000] {logging_mixin.py:188} INFO - [2026-08-02T19:08:18.840+0000] {dagbag.py:545} INFO - Filling up the DagBag from /home/airflow/.local/lib/python3.12/site-packages/airflow/example_dags/example_subdag_operator.py
[2026-08-02T19:08:18.865+0000] {processor.py:840} INFO - DAG(s) 'example_subdag_operator.section-1', 'example_subdag_operator.section-2', 'example_subdag_operator' retrieved from /home/airflow/.local/lib/python3.12/site-packages/airflow/example_dags/example_subdag_operator.py
[2026-08-02T19:08:18.881+0000] {logging_mixin.py:188} INFO - [2026-08-02T19:08:18.881+0000] {dag.py:3089} INFO - Sync 3 DAGs
[2026-08-02T19:08:18.902+0000] {logging_mixin.py:188} INFO - [2026-08-02T19:08:18.902+0000] {dag.py:3947} INFO - Setting next_dagrun for example_subdag_operator to 2022-01-01 00:00:00+00:00, run_after=2022-01-01 00:00:00+00:00
[2026-08-02T19:08:18.906+0000] {logging_mixin.py:188} INFO - [2026-08-02T19:08:18.906+0000] {dag.py:3947} INFO - Setting next_dagrun for example_subdag_operator.section-1 to None, run_after=None
[2026-08-02T19:08:18.908+0000] {logging_mixin.py:188} INFO - [2026-08-02T19:08:18.907+0000] {dag.py:3947} INFO - Setting next_dagrun for example_subdag_operator.section-2 to None, run_after=None
[2026-08-02T19:08:18.915+0000] {logging_mixin.py:188} INFO - [2026-08-02T19:08:18.915+0000] {dag.py:3089} INFO - Sync 2 DAGs
[2026-08-02T19:08:18.920+0000] {logging_mixin.py:188} INFO - [2026-08-02T19:08:18.920+0000] {dag.py:3947} INFO - Setting next_dagrun for example_subdag_operator.section-1 to None, run_after=None
[2026-08-02T19:08:18.921+0000] {logging_mixin.py:188} INFO - [2026-08-02T19:08:18.921+0000] {dag.py:3947} INFO - Setting next_dagrun for example_subdag_operator.section-2 to None, run_after=None
[2026-08-02T19:08:18.932+0000] {processor.py:183} INFO - Processing /home/airflow/.local/lib/python3.12/site-packages/airflow/example_dags/example_subdag_operator.py took 0.103 seconds
[2026-08-02T19:09:50.454+0000] {processor.py:161} INFO - Started process (PID=119) to work on /home/airflow/.local/lib/python3.12/site-packages/airflow/example_dags/example_subdag_operator.py
[2026-08-02T19:09:50.456+0000] {processor.py:830} INFO - Processing file /home/airflow/.local/lib/python3.12/site-packages/airflow/example_dags/example_subdag_operator.py for tasks to queue
[2026-08-02T19:09:50.458+0000] {logging_mixin.py:188} INFO - [2026-08-02T19:09:50.458+0000] {dagbag.py:545} INFO - Filling up the DagBag from /home/airflow/.local/lib/python3.12/site-packages/airflow/example_dags/example_subdag_operator.py
[2026-08-02T19:09:50.487+0000] {processor.py:840} INFO - DAG(s) 'example_subdag_operator.section-1', 'example_subdag_operator.section-2', 'example_subdag_operator' retrieved from /home/airflow/.local/lib/python3.12/site-packages/airflow/example_dags/example_subdag_operator.py
[2026-08-02T19:09:50.592+0000] {logging_mixin.py:188} INFO - [2026-08-02T19:09:50.592+0000] {dag.py:3089} INFO - Sync 3 DAGs
[2026-08-02T19:09:50.615+0000] {logging_mixin.py:188} INFO - [2026-08-02T19:09:50.615+0000] {dag.py:3947} INFO - Setting next_dagrun for example_subdag_operator to 2022-01-01 00:00:00+00:00, run_after=2022-01-01 00:00:00+00:00
[2026-08-02T19:09:50.619+0000] {logging_mixin.py:188} INFO - [2026-08-02T19:09:50.619+0000] {dag.py:3947} INFO - Setting next_dagrun for example_subdag_operator.section-1 to None, run_after=None
[2026-08-02T19:09:50.621+0000] {logging_mixin.py:188} INFO - [2026-08-02T19:09:50.621+0000] {dag.py:3947} INFO - Setting next_dagrun for example_subdag_operator.section-2 to None, run_after=None
[2026-08-02T19:09:50.633+0000] {logging_mixin.py:188} INFO - [2026-08-02T19:09:50.632+0000] {dag.py:3089} INFO - Sync 2 DAGs
[2026-08-02T19:09:50.639+0000] {logging_mixin.py:188} INFO - [2026-08-02T19:09:50.639+0000] {dag.py:3947} INFO - Setting next_dagrun for example_subdag_operator.section-1 to None, run_after=None
[2026-08-02T19:09:50.640+0000] {logging_mixin.py:188} INFO - [2026-08-02T19:09:50.640+0000] {dag.py:3947} INFO - Setting next_dagrun for example_subdag_operator.section-2 to None, run_after=None
[2026-08-02T19:09:50.655+0000] {processor.py:183} INFO - Processing /home/airflow/.local/lib/python3.12/site-packages/airflow/example_dags/example_subdag_operator.py took 0.208 seconds
[2026-08-02T19:10:21.223+0000] {processor.py:161} INFO - Started process (PID=178) to work on /home/airflow/.local/lib/python3.12/site-packages/airflow/example_dags/example_subdag_operator.py
[2026-08-02T19:10:21.226+0000] {processor.py:830} INFO - Processing file /home/airflow/.local/lib/python3.12/site-packages/airflow/example_dags/example_subdag_operator.py for tasks to queue
[2026-08-02T19:10:21.228+0000] {logging_mixin.py:188} INFO - [2026-08-02T19:10:21.228+0000] {dagbag.py:545} INFO - Filling up the DagBag from /home/airflow/.local/lib/python3.12/site-packages/airflow/example_dags/example_subdag_operator.py
[2026-08-02T19:10:21.255+0000] {processor.py:840} INFO - DAG(s) 'example_subdag_operator.section-1', 'example_subdag_operator.section-2', 'example_subdag_operator' retrieved from /home/airflow/.local/lib/python3.12/site-packages/airflow/example_dags/example_subdag_operator.py
[2026-08-02T19:10:21.272+0000] {logging_mixin.py:188} INFO - [2026-08-02T19:10:21.272+0000] {dag.py:3089} INFO - Sync 3 DAGs
[2026-08-02T19:10:21.297+0000] {logging_mixin.py:188} INFO - [2026-08-02T19:10:21.297+0000] {dag.py:3947} INFO - Setting next_dagrun for example_subdag_operator to 2022-01-01 00:00:00+00:00, run_after=2022-01-01 00:00:00+00:00
[2026-08-02T19:10:21.302+0000] {logging_mixin.py:188} INFO - [2026-08-02T19:10:21.301+0000] {dag.py:3947} INFO - Setting next_dagrun for example_subdag_operator.section-1 to None, run_after=None
[2026-08-02T19:10:21.303+0000] {logging_mixin.py:188} INFO - [2026-08-02T19:10:21.303+0000] {dag.py:3947} INFO - Setting next_dagrun for example_subdag_operator.section-2 to None, run_after=None
[2026-08-02T19:10:21.313+0000] {logging_mixin.py:188} INFO - [2026-08-02T19:10:21.313+0000] {dag.py:3089} INFO - Sync 2 DAGs
[2026-08-02T19:10:21.320+0000] {logging_mixin.py:188} INFO - [2026-08-02T19:10:21.320+0000] {dag.py:3947} INFO - Setting next_dagrun for example_subdag_operator.section-1 to None, run_after=None
[2026-08-02T19:10:21.321+0000] {logging_mixin.py:188} INFO - [2026-08-02T19:10:21.321+0000] {dag.py:3947} INFO - Setting next_dagrun for example_subdag_operator.section-2 to None, run_after=None
[2026-08-02T19:10:21.337+0000] {processor.py:183} INFO - Processing /home/airflow/.local/lib/python3.12/site-packages/airflow/example_dags/example_subdag_operator.py took 0.119 seconds
[2026-08-02T19:10:51.756+0000] {processor.py:161} INFO - Started process (PID=237) to work on /home/airflow/.local/lib/python3.12/site-packages/airflow/example_dags/example_subdag_operator.py
[2026-08-02T19:10:51.757+0000] {processor.py:830} INFO - Processing file /home/airflow/.local/lib/python3.12/site-packages/airflow/example_dags/example_subdag_operator.py for tasks to queue
[2026-08-02T19:10:51.760+0000] {logging_mixin.py:188} INFO - [2026-08-02T19:10:51.759+0000] {dagbag.py:545} INFO - Filling up the DagBag from /home/airflow/.local/lib/python3.12/site-packages/airflow/example_dags/example_subdag_operator.py
[2026-08-02T19:10:51.784+0000] {processor.py:840} INFO - DAG(s) 'example_subdag_operator.section-1', 'example_subdag_operator.section-2', 'example_subdag_operator' retrieved from /home/airflow/.local/lib/python3.12/site-packages/airflow/example_dags/example_subdag_operator.py
[2026-08-02T19:10:51.798+0000] {logging_mixin.py:188} INFO - [2026-08-02T19:10:51.798+0000] {dag.py:3089} INFO - Sync 3 DAGs
[2026-08-02T19:10:51.821+0000] {logging_mixin.py:188} INFO - [2026-08-02T19:10:51.821+0000] {dag.py:3947} INFO - Setting next_dagrun for example_subdag_operator to 2022-01-01 00:00:00+00:00, run_after=2022-01-01 00:00:00+00:00
[2026-08-02T19:10:51.826+0000] {logging_mixin.py:188} INFO - [2026-08-02T19:10:51.826+0000] {dag.py:3947} INFO - Setting next_dagrun for example_subdag_operator.section-1 to None, run_after=None
[2026-08-02T19:10:51.828+0000] {logging_mixin.py:188} INFO - [2026-08-02T19:10:51.828+0000] {dag.py:3947} INFO - Setting next_dagrun for example_subdag_operator.section-2 to None, run_after=None
[2026-08-02T19:10:51.836+0000] {logging_mixin.py:188} INFO - [2026-08-02T19:10:51.836+0000] {dag.py:3089} INFO - Sync 2 DAGs
[2026-08-02T19:10:51.842+0000] {logging_mixin.py:188} INFO - [2026-08-02T19:10:51.842+0000] {dag.py:3947} INFO - Setting next_dagrun for example_subdag_operator.section-1 to None, run_after=None
[2026-08-02T19:10:51.843+0000] {logging_mixin.py:188} INFO - [2026-08-02T19:10:51.843+0000] {dag.py:3947} INFO - Setting next_dagrun for example_subdag_operator.section-2 to None, run_after=None
[2026-08-02T19:10:51.855+0000] {processor.py:183} INFO - Processing /home/airflow/.local/lib/python3.12/site-packages/airflow/example_dags/example_subdag_operator.py took 0.105 seconds
[2026-08-02T19:11:22.851+0000] {processor.py:161} INFO - Started process (PID=296) to work on /home/airflow/.local/lib/python3.12/site-packages/airflow/example_dags/example_subdag_operator.py
[2026-08-02T19:11:22.854+0000] {processor.py:830} INFO - Processing file /home/airflow/.local/lib/python3.12/site-packages/airflow/example_dags/example_subdag_operator.py for tasks to queue
[2026-08-02T19:11:22.857+0000] {logging_mixin.py:188} INFO - [2026-08-02T19:11:22.856+0000] {dagbag.py:545} INFO - Filling up the DagBag from /home/airflow/.local/lib/python3.12/site-packages/airflow/example_dags/example_subdag_operator.py
[2026-08-02T19:11:22.886+0000] {processor.py:840} INFO - DAG(s) 'example_subdag_operator.section-1', 'example_subdag_operator.section-2', 'example_subdag_operator' retrieved from /home/airflow/.local/lib/python3.12/site-packages/airflow/example_dags/example_subdag_operator.py
[2026-08-02T19:11:22.902+0000] {logging_mixin.py:188} INFO - [2026-08-02T19:11:22.902+0000] {dag.py:3089} INFO - Sync 3 DAGs
[2026-08-02T19:11:22.923+0000] {logging_mixin.py:188} INFO - [2026-08-02T19:11:22.923+0000] {dag.py:3947} INFO - Setting next_dagrun for example_subdag_operator to 2022-01-01 00:00:00+00:00, run_after=2022-01-01 00:00:00+00:00
[2026-08-02T19:11:22.927+0000] {logging_mixin.py:188} INFO - [2026-08-02T19:11:22.927+0000] {dag.py:3947} INFO - Setting next_dagrun for example_subdag_operator.section-1 to None, run_after=None
[2026-08-02T19:11:22.929+0000] {logging_mixin.py:188} INFO - [2026-08-02T19:11:22.929+0000] {dag.py:3947} INFO - Setting next_dagrun for example_subdag_operator.section-2 to None, run_after=None
[2026-08-02T19:11:22.937+0000] {logging_mixin.py:188} INFO - [2026-08-02T19:11:22.937+0000] {dag.py:3089} INFO - Sync 2 DAGs
[2026-08-02T19:11:22.944+0000] {logging_mixin.py:188} INFO - [2026-08-02T19:11:22.944+0000] {dag.py:3947} INFO - Setting next_dagrun for example_subdag_operator.section-1 to None, run_after=None
[2026-08-02T19:11:22.945+0000] {logging_mixin.py:188} INFO - [2026-08-02T19:11:22.945+0000] {dag.py:3947} INFO - Setting next_dagrun for example_subdag_operator.section-2 to None, run_after=None
[2026-08-02T19:11:22.957+0000] {processor.py:183} INFO - Processing /home/airflow/.local/lib/python3.12/site-packages/airflow/example_dags/example_subdag_operator.py took 0.115 seconds
[2026-08-02T19:11:53.370+0000] {processor.py:161} INFO - Started process (PID=355) to work on /home/airflow/.local/lib/python3.12/site-packages/airflow/example_dags/example_subdag_operator.py
[2026-08-02T19:11:53.372+0000] {processor.py:830} INFO - Processing file /home/airflow/.local/lib/python3.12/site-packages/airflow/example_dags/example_subdag_operator.py for tasks to queue
[2026-08-02T19:11:53.374+0000] {logging_mixin.py:188} INFO - [2026-08-02T19:11:53.374+0000] {dagbag.py:545} INFO - Filling up the DagBag from /home/airflow/.local/lib/python3.12/site-packages/airflow/example_dags/example_subdag_operator.py
[2026-08-02T19:11:53.398+0000] {processor.py:840} INFO - DAG(s) 'example_subdag_operator.section-1', 'example_subdag_operator.section-2', 'example_subdag_operator' retrieved from /home/airflow/.local/lib/python3.12/site-packages/airflow/example_dags/example_subdag_operator.py
[2026-08-02T19:11:53.413+0000] {logging_mixin.py:188} INFO - [2026-08-02T19:11:53.413+0000] {dag.py:3089} INFO - Sync 3 DAGs
[2026-08-02T19:11:53.434+0000] {logging_mixin.py:188} INFO - [2026-08-02T19:11:53.433+0000] {dag.py:3947} INFO - Setting next_dagrun for example_subdag_operator to 2022-01-01 00:00:00+00:00, run_after=2022-01-01 00:00:00+00:00
[2026-08-02T19:11:53.438+0000] {logging_mixin.py:188} INFO - [2026-08-02T19:11:53.438+0000] {dag.py:3947} INFO - Setting next_dagrun for example_subdag_operator.section-1 to None, run_after=None
[2026-08-02T19:11:53.439+0000] {logging_mixin.py:188} INFO - [2026-08-02T19:11:53.439+0000] {dag.py:3947} INFO - Setting next_dagrun for example_subdag_operator.section-2 to None, run_after=None
[2026-08-02T19:11:53.447+0000] {logging_mixin.py:188} INFO - [2026-08-02T19:11:53.447+0000] {dag.py:3089} INFO - Sync 2 DAGs
[2026-08-02T19:11:53.454+0000] {logging_mixin.py:188} INFO - [2026-08-02T19:11:53.454+0000] {dag.py:3947} INFO - Setting next_dagrun for example_subdag_operator.section-1 to None, run_after=None
[2026-08-02T19:11:53.455+0000] {logging_mixin.py:188} INFO - [2026-08-02T19:11:53.455+0000] {dag.py:3947} INFO - Setting next_dagrun for example_subdag_operator.section-2 to None, run_after=None
[2026-08-02T19:11:53.468+0000] {processor.py:183} INFO - Processing /home/airflow/.local/lib/python3.12/site-packages/airflow/example_dags/example_subdag_operator.py took 0.104 seconds
[2026-08-02T19:12:24.083+0000] {processor.py:161} INFO - Started process (PID=414) to work on /home/airflow/.local/lib/python3.12/site-packages/airflow/example_dags/example_subdag_operator.py
[2026-08-02T19:12:24.085+0000] {processor.py:830} INFO - Processing file /home/airflow/.local/lib/python3.12/site-packages/airflow/example_dags/example_subdag_operator.py for tasks to queue
[2026-08-02T19:12:24.088+0000] {logging_mixin.py:188} INFO - [2026-08-02T19:12:24.087+0000] {dagbag.py:545} INFO - Filling up the DagBag from /home/airflow/.local/lib/python3.12/site-packages/airflow/example_dags/example_subdag_operator.py
[2026-08-02T19:12:24.117+0000] {processor.py:840} INFO - DAG(s) 'example_subdag_operator.section-1', 'example_subdag_operator.section-2', 'example_subdag_operator' retrieved from /home/airflow/.local/lib/python3.12/site-packages/airflow/example_dags/example_subdag_operator.py
[2026-08-02T19:12:24.133+0000] {logging_mixin.py:188} INFO - [2026-08-02T19:12:24.133+0000] {dag.py:3089} INFO - Sync 3 DAGs
[2026-08-02T19:12:24.153+0000] {logging_mixin.py:188} INFO - [2026-08-02T19:12:24.152+0000] {dag.py:3947} INFO - Setting next_dagrun for example_subdag_operator to 2022-01-01 00:00:00+00:00, run_after=2022-01-01 00:00:00+00:00
[2026-08-02T19:12:24.157+0000] {logging_mixin.py:188} INFO - [2026-08-02T19:12:24.156+0000] {dag.py:3947} INFO - Setting next_dagrun for example_subdag_operator.section-1 to None, run_after=None
[2026-08-02T19:12:24.158+0000] {logging_mixin.py:188} INFO - [2026-08-02T19:12:24.158+0000] {dag.py:3947} INFO - Setting next_dagrun for example_subdag_operator.section-2 to None, run_after=None
[2026-08-02T19:12:24.165+0000] {logging_mixin.py:188} INFO - [2026-08-02T19:12:24.165+0000] {dag.py:3089} INFO - Sync 2 DAGs
[2026-08-02T19:12:24.170+0000] {logging_mixin.py:188} INFO - [2026-08-02T19:12:24.170+0000] {dag.py:3947} INFO - Setting next_dagrun for example_subdag_operator.section-1 to None, run_after=None
[2026-08-02T19:12:24.171+0000] {logging_mixin.py:188} INFO - [2026-08-02T19:12:24.171+0000] {dag.py:3947} INFO - Setting next_dagrun for example_subdag_operator.section-2 to None, run_after=None
[2026-08-02T19:12:24.185+0000] {processor.py:183} INFO - Processing /home/airflow/.local/lib/python3.12/site-packages/airflow/example_dags/example_subdag_operator.py took 0.112 seconds
[2026-08-02T19:12:54.535+0000] {processor.py:161} INFO - Started process (PID=473) to work on /home/airflow/.local/lib/python3.12/site-packages/airflow/example_dags/example_subdag_operator.py
[2026-08-02T19:12:54.537+0000] {processor.py:830} INFO - Processing file /home/airflow/.local/lib/python3.12/site-packages/airflow/example_dags/example_subdag_operator.py for tasks to queue
[2026-08-02T19:12:54.540+0000] {logging_mixin.py:188} INFO - [2026-08-02T19:12:54.539+0000] {dagbag.py:545} INFO - Filling up the DagBag from /home/airflow/.local/lib/python3.12/site-packages/airflow/example_dags/example_subdag_operator.py
[2026-08-02T19:12:54.580+0000] {processor.py:840} INFO - DAG(s) 'example_subdag_operator.section-1', 'example_subdag_operator.section-2', 'example_subdag_operator' retrieved from /home/airflow/.local/lib/python3.12/site-packages/airflow/example_dags/example_subdag_operator.py
[2026-08-02T19:12:54.597+0000] {logging_mixin.py:188} INFO - [2026-08-02T19:12:54.597+0000] {dag.py:3089} INFO - Sync 3 DAGs
[2026-08-02T19:12:54.619+0000] {logging_mixin.py:188} INFO - [2026-08-02T19:12:54.619+0000] {dag.py:3947} INFO - Setting next_dagrun for example_subdag_operator to 2022-01-01 00:00:00+00:00, run_after=2022-01-01 00:00:00+00:00
[2026-08-02T19:12:54.624+0000] {logging_mixin.py:188} INFO - [2026-08-02T19:12:54.623+0000] {dag.py:3947} INFO - Setting next_dagrun for example_subdag_operator.section-1 to None, run_after=None
[2026-08-02T19:12:54.625+0000] {logging_mixin.py:188} INFO - [2026-08-02T19:12:54.625+0000] {dag.py:3947} INFO - Setting next_dagrun for example_subdag_operator.section-2 to None, run_after=None
[2026-08-02T19:12:54.632+0000] {logging_mixin.py:188} INFO - [2026-08-02T19:12:54.632+0000] {dag.py:3089} INFO - Sync 2 DAGs
[2026-08-02T19:12:54.638+0000] {logging_mixin.py:188} INFO - [2026-08-02T19:12:54.637+0000] {dag.py:3947} INFO - Setting next_dagrun for example_subdag_operator.section-1 to None, run_after=None
[2026-08-02T19:12:54.639+0000] {logging_mixin.py:188} INFO - [2026-08-02T19:12:54.638+0000] {dag.py:3947} INFO - Setting next_dagrun for example_subdag_operator.section-2 to None, run_after=None
[2026-08-02T19:12:54.675+0000] {processor.py:183} INFO - Processing /home/airflow/.local/lib/python3.12/site-packages/airflow/example_dags/example_subdag_operator.py took 0.149 seconds
[2026-08-02T19:13:25.002+0000] {processor.py:161} INFO - Started process (PID=532) to work on /home/airflow/.local/lib/python3.12/site-packages/airflow/example_dags/example_subdag_operator.py
[2026-08-02T19:13:25.004+0000] {processor.py:830} INFO - Processing file /home/airflow/.local/lib/python3.12/site-packages/airflow/example_dags/example_subdag_operator.py for tasks to queue
[2026-08-02T19:13:25.007+0000] {logging_mixin.py:188} INFO - [2026-08-02T19:13:25.007+0000] {dagbag.py:545} INFO - Filling up the DagBag from /home/airflow/.local/lib/python3.12/site-packages/airflow/example_dags/example_subdag_operator.py
[2026-08-02T19:13:25.032+0000] {processor.py:840} INFO - DAG(s) 'example_subdag_operator.section-1', 'example_subdag_operator.section-2', 'example_subdag_operator' retrieved from /home/airflow/.local/lib/python3.12/site-packages/airflow/example_dags/example_subdag_operator.py
[2026-08-02T19:13:25.055+0000] {logging_mixin.py:188} INFO - [2026-08-02T19:13:25.055+0000] {dag.py:3089} INFO - Sync 3 DAGs
[2026-08-02T19:13:25.084+0000] {logging_mixin.py:188} INFO - [2026-08-02T19:13:25.084+0000] {dag.py:3947} INFO - Setting next_dagrun for example_subdag_operator to 2022-01-01 00:00:00+00:00, run_after=2022-01-01 00:00:00+00:00
[2026-08-02T19:13:25.092+0000] {logging_mixin.py:188} INFO - [2026-08-02T19:13:25.091+0000] {dag.py:3947} INFO - Setting next_dagrun for example_subdag_operator.section-1 to None, run_after=None
[2026-08-02T19:13:25.095+0000] {logging_mixin.py:188} INFO - [2026-08-02T19:13:25.094+0000] {dag.py:3947} INFO - Setting next_dagrun for example_subdag_operator.section-2 to None, run_after=None
[2026-08-02T19:13:25.107+0000] {logging_mixin.py:188} INFO - [2026-08-02T19:13:25.107+0000] {dag.py:3089} INFO - Sync 2 DAGs
[2026-08-02T19:13:25.117+0000] {logging_mixin.py:188} INFO - [2026-08-02T19:13:25.117+0000] {dag.py:3947} INFO - Setting next_dagrun for example_subdag_operator.section-1 to None, run_after=None
[2026-08-02T19:13:25.119+0000] {logging_mixin.py:188} INFO - [2026-08-02T19:13:25.118+0000] {dag.py:3947} INFO - Setting next_dagrun for example_subdag_operator.section-2 to None, run_after=None
[2026-08-02T19:13:25.141+0000] {processor.py:183} INFO - Processing /home/airflow/.local/lib/python3.12/site-packages/airflow/example_dags/example_subdag_operator.py took 0.147 seconds
[2026-08-02T19:13:55.213+0000] {processor.py:161} INFO - Started process (PID=591) to work on /home/airflow/.local/lib/python3.12/site-packages/airflow/example_dags/example_subdag_operator.py
[2026-08-02T19:13:55.214+0000] {processor.py:830} INFO - Processing file /home/airflow/.local/lib/python3.12/site-packages/airflow/example_dags/example_subdag_operator.py for tasks to queue
[2026-08-02T19:13:55.217+0000] {logging_mixin.py:188} INFO - [2026-08-02T19:13:55.216+0000] {dagbag.py:545} INFO - Filling up the DagBag from /home/airflow/.local/lib/python3.12/site-packages/airflow/example_dags/example_subdag_operator.py
[2026-08-02T19:13:55.240+0000] {processor.py:840} INFO - DAG(s) 'example_subdag_operator.section-1', 'example_subdag_operator.section-2', 'example_subdag_operator' retrieved from /home/airflow/.local/lib/python3.12/site-packages/airflow/example_dags/example_subdag_operator.py
[2026-08-02T19:13:55.256+0000] {logging_mixin.py:188} INFO - [2026-08-02T19:13:55.256+0000] {dag.py:3089} INFO - Sync 3 DAGs
[2026-08-02T19:13:55.278+0000] {logging_mixin.py:188} INFO - [2026-08-02T19:13:55.278+0000] {dag.py:3947} INFO - Setting next_dagrun for example_subdag_operator to 2022-01-01 00:00:00+00:00, run_after=2022-01-01 00:00:00+00:00
[2026-08-02T19:13:55.283+0000] {logging_mixin.py:188} INFO - [2026-08-02T19:13:55.283+0000] {dag.py:3947} INFO - Setting next_dagrun for example_subdag_operator.section-1 to None, run_after=None
[2026-08-02T19:13:55.285+0000] {logging_mixin.py:188} INFO - [2026-08-02T19:13:55.285+0000] {dag.py:3947} INFO - Setting next_dagrun for example_subdag_operator.section-2 to None, run_after=None
[2026-08-02T19:13:55.292+0000] {logging_mixin.py:188} INFO - [2026-08-02T19:13:55.292+0000] {dag.py:3089} INFO - Sync 2 DAGs
[2026-08-02T19:13:55.300+0000] {logging_mixin.py:188} INFO - [2026-08-02T19:13:55.299+0000] {dag.py:3947} INFO - Setting next_dagrun for example_subdag_operator.section-1 to None, run_after=None
[2026-08-02T19:13:55.301+0000] {logging_mixin.py:188} INFO - [2026-08-02T19:13:55.301+0000] {dag.py:3947} INFO - Setting next_dagrun for example_subdag_operator.section-2 to None, run_after=None
[2026-08-02T19:13:55.315+0000] {processor.py:183} INFO - Processing /home/airflow/.local/lib/python3.12/site-packages/airflow/example_dags/example_subdag_operator.py took 0.108 seconds
[2026-08-02T19:14:25.386+0000] {processor.py:161} INFO - Started process (PID=650) to work on /home/airflow/.local/lib/python3.12/site-packages/airflow/example_dags/example_subdag_operator.py
[2026-08-02T19:14:25.388+0000] {processor.py:830} INFO - Processing file /home/airflow/.local/lib/python3.12/site-packages/airflow/example_dags/example_subdag_operator.py for tasks to queue
[2026-08-02T19:14:25.390+0000] {logging_mixin.py:188} INFO - [2026-08-02T19:14:25.390+0000] {dagbag.py:545} INFO - Filling up the DagBag from /home/airflow/.local/lib/python3.12/site-packages/airflow/example_dags/example_subdag_operator.py
[2026-08-02T19:14:25.412+0000] {processor.py:840} INFO - DAG(s) 'example_subdag_operator.section-1', 'example_subdag_operator.section-2', 'example_subdag_operator' retrieved from /home/airflow/.local/lib/python3.12/site-packages/airflow/example_dags/example_subdag_operator.py
[2026-08-02T19:14:25.426+0000] {logging_mixin.py:188} INFO - [2026-08-02T19:14:25.426+0000] {dag.py:3089} INFO - Sync 3 DAGs
[2026-08-02T19:14:25.445+0000] {logging_mixin.py:188} INFO - [2026-08-02T19:14:25.445+0000] {dag.py:3947} INFO - Setting next_dagrun for example_subdag_operator to 2022-01-01 00:00:00+00:00, run_after=2022-01-01 00:00:00+00:00
[2026-08-02T19:14:25.449+0000] {logging_mixin.py:188} INFO - [2026-08-02T19:14:25.449+0000] {dag.py:3947} INFO - Setting next_dagrun for example_subdag_operator.section-1 to None, run_after=None
[2026-08-02T19:14:25.451+0000] {logging_mixin.py:188} INFO - [2026-08-02T19:14:25.451+0000] {dag.py:3947} INFO - Setting next_dagrun for example_subdag_operator.section-2 to None, run_after=None
[2026-08-02T19:14:25.458+0000] {logging_mixin.py:188} INFO - [2026-08-02T19:14:25.458+0000] {dag.py:3089} INFO - Sync 2 DAGs
[2026-08-02T19:14:25.464+0000] {logging_mixin.py:188} INFO - [2026-08-02T19:14:25.463+0000] {dag.py:3947} INFO - Setting next_dagrun for example_subdag_operator.section-1 to None, run_after=None
[2026-08-02T19:14:25.465+0000] {logging_mixin.py:188} INFO - [2026-08-02T19:14:25.465+0000] {dag.py:3947} INFO - Setting next_dagrun for example_subdag_operator.section-2 to None, run_after=None
[2026-08-02T19:14:25.476+0000] {processor.py:183} INFO - Processing /home/airflow/.local/lib/python3.12/site-packages/airflow/example_dags/example_subdag_operator.py took 0.096 seconds
[2026-08-02T19:14:56.031+0000] {processor.py:161} INFO - Started process (PID=709) to work on /home/airflow/.local/lib/python3.12/site-packages/airflow/example_dags/example_subdag_operator.py
[2026-08-02T19:14:56.033+0000] {processor.py:830} INFO - Processing file /home/airflow/.local/lib/python3.12/site-packages/airflow/example_dags/example_subdag_operator.py for tasks to queue
[2026-08-02T19:14:56.036+0000] {logging_mixin.py:188} INFO - [2026-08-02T19:14:56.036+0000] {dagbag.py:545} INFO - Filling up the DagBag from /home/airflow/.local/lib/python3.12/site-packages/airflow/example_dags/example_subdag_operator.py
[2026-08-02T19:14:56.068+0000] {processor.py:840} INFO - DAG(s) 'example_subdag_operator.section-1', 'example_subdag_operator.section-2', 'example_subdag_operator' retrieved from /home/airflow/.local/lib/python3.12/site-packages/airflow/example_dags/example_subdag_operator.py
[2026-08-02T19:14:56.088+0000] {logging_mixin.py:188} INFO - [2026-08-02T19:14:56.088+0000] {dag.py:3089} INFO - Sync 3 DAGs
[2026-08-02T19:14:56.121+0000] {logging_mixin.py:188} INFO - [2026-08-02T19:14:56.120+0000] {dag.py:3947} INFO - Setting next_dagrun for example_subdag_operator to 2022-01-01 00:00:00+00:00, run_after=2022-01-01 00:00:00+00:00
[2026-08-02T19:14:56.126+0000] {logging_mixin.py:188} INFO - [2026-08-02T19:14:56.126+0000] {dag.py:3947} INFO - Setting next_dagrun for example_subdag_operator.section-1 to None, run_after=None
[2026-08-02T19:14:56.129+0000] {logging_mixin.py:188} INFO - [2026-08-02T19:14:56.128+0000] {dag.py:3947} INFO - Setting next_dagrun for example_subdag_operator.section-2 to None, run_after=None
[2026-08-02T19:14:56.140+0000] {logging_mixin.py:188} INFO - [2026-08-02T19:14:56.140+0000] {dag.py:3089} INFO - Sync 2 DAGs
[2026-08-02T19:14:56.148+0000] {logging_mixin.py:188} INFO - [2026-08-02T19:14:56.147+0000] {dag.py:3947} INFO - Setting next_dagrun for example_subdag_operator.section-1 to None, run_after=None
[2026-08-02T19:14:56.149+0000] {logging_mixin.py:188} INFO - [2026-08-02T19:14:56.148+0000] {dag.py:3947} INFO - Setting next_dagrun for example_subdag_operator.section-2 to None, run_after=None
[2026-08-02T19:14:56.168+0000] {processor.py:183} INFO - Processing /home/airflow/.local/lib/python3.12/site-packages/airflow/example_dags/example_subdag_operator.py took 0.143 seconds
[2026-08-02T19:15:26.450+0000] {processor.py:161} INFO - Started process (PID=768) to work on /home/airflow/.local/lib/python3.12/site-packages/airflow/example_dags/example_subdag_operator.py
[2026-08-02T19:15:26.451+0000] {processor.py:830} INFO - Processing file /home/airflow/.local/lib/python3.12/site-packages/airflow/example_dags/example_subdag_operator.py for tasks to queue
[2026-08-02T19:15:26.453+0000] {logging_mixin.py:188} INFO - [2026-08-02T19:15:26.453+0000] {dagbag.py:545} INFO - Filling up the DagBag from /home/airflow/.local/lib/python3.12/site-packages/airflow/example_dags/example_subdag_operator.py
[2026-08-02T19:15:26.475+0000] {processor.py:840} INFO - DAG(s) 'example_subdag_operator.section-1', 'example_subdag_operator.section-2', 'example_subdag_operator' retrieved from /home/airflow/.local/lib/python3.12/site-packages/airflow/example_dags/example_subdag_operator.py
[2026-08-02T19:15:26.489+0000] {logging_mixin.py:188} INFO - [2026-08-02T19:15:26.489+0000] {dag.py:3089} INFO - Sync 3 DAGs
[2026-08-02T19:15:26.509+0000] {logging_mixin.py:188} INFO - [2026-08-02T19:15:26.508+0000] {dag.py:3947} INFO - Setting next_dagrun for example_subdag_operator to 2022-01-01 00:00:00+00:00, run_after=2022-01-01 00:00:00+00:00
[2026-08-02T19:15:26.513+0000] {logging_mixin.py:188} INFO - [2026-08-02T19:15:26.513+0000] {dag.py:3947} INFO - Setting next_dagrun for example_subdag_operator.section-1 to None, run_after=None
[2026-08-02T19:15:26.515+0000] {logging_mixin.py:188} INFO - [2026-08-02T19:15:26.515+0000] {dag.py:3947} INFO - Setting next_dagrun for example_subdag_operator.section-2 to None, run_after=None
[2026-08-02T19:15:26.521+0000] {logging_mixin.py:188} INFO - [2026-08-02T19:15:26.521+0000] {dag.py:3089} INFO - Sync 2 DAGs
[2026-08-02T19:15:26.527+0000] {logging_mixin.py:188} INFO - [2026-08-02T19:15:26.526+0000] {dag.py:3947} INFO - Setting next_dagrun for example_subdag_operator.section-1 to None, run_after=None
[2026-08-02T19:15:26.527+0000] {logging_mixin.py:188} INFO - [2026-08-02T19:15:26.527+0000] {dag.py:3947} INFO - Setting next_dagrun for example_subdag_operator.section-2 to None, run_after=None
[2026-08-02T19:15:26.538+0000] {processor.py:183} INFO - Processing /home/airflow/.local/lib/python3.12/site-packages/airflow/example_dags/example_subdag_operator.py took 0.094 seconds
[2026-08-02T19:15:57.229+0000] {processor.py:161} INFO - Started process (PID=827) to work on /home/airflow/.local/lib/python3.12/site-packages/airflow/example_dags/example_subdag_operator.py
[2026-08-02T19:15:57.230+0000] {processor.py:830} INFO - Processing file /home/airflow/.local/lib/python3.12/site-packages/airflow/example_dags/example_subdag_operator.py for tasks to queue
[2026-08-02T19:15:57.233+0000] {logging_mixin.py:188} INFO - [2026-08-02T19:15:57.232+0000] {dagbag.py:545} INFO - Filling up the DagBag from /home/airflow/.local/lib/python3.12/site-packages/airflow/example_dags/example_subdag_operator.py
[2026-08-02T19:15:57.254+0000] {processor.py:840} INFO - DAG(s) 'example_subdag_operator.section-1', 'example_subdag_operator.section-2', 'example_subdag_operator' retrieved from /home/airflow/.local/lib/python3.12/site-packages/airflow/example_dags/example_subdag_operator.py
[2026-08-02T19:15:57.268+0000] {logging_mixin.py:188} INFO - [2026-08-02T19:15:57.267+0000] {dag.py:3089} INFO - Sync 3 DAGs
[2026-08-02T19:15:57.287+0000] {logging_mixin.py:188} INFO - [2026-08-02T19:15:57.287+0000] {dag.py:3947} INFO - Setting next_dagrun for example_subdag_operator to 2022-01-01 00:00:00+00:00, run_after=2022-01-01 00:00:00+00:00
[2026-08-02T19:15:57.291+0000] {logging_mixin.py:188} INFO - [2026-08-02T19:15:57.291+0000] {dag.py:3947} INFO - Setting next_dagrun for example_subdag_operator.section-1 to None, run_after=None
[2026-08-02T19:15:57.293+0000] {logging_mixin.py:188} INFO - [2026-08-02T19:15:57.292+0000] {dag.py:3947} INFO - Setting next_dagrun for example_subdag_operator.section-2 to None, run_after=None
[2026-08-02T19:15:57.299+0000] {logging_mixin.py:188} INFO - [2026-08-02T19:15:57.299+0000] {dag.py:3089} INFO - Sync 2 DAGs
[2026-08-02T19:15:57.305+0000] {logging_mixin.py:188} INFO - [2026-08-02T19:15:57.305+0000] {dag.py:3947} INFO - Setting next_dagrun for example_subdag_operator.section-1 to None, run_after=None
[2026-08-02T19:15:57.306+0000] {logging_mixin.py:188} INFO - [2026-08-02T19:15:57.306+0000] {dag.py:3947} INFO - Setting next_dagrun for example_subdag_operator.section-2 to None, run_after=None
[2026-08-02T19:15:57.321+0000] {processor.py:183} INFO - Processing /home/airflow/.local/lib/python3.12/site-packages/airflow/example_dags/example_subdag_operator.py took 0.097 seconds
[2026-08-02T19:16:27.689+0000] {processor.py:161} INFO - Started process (PID=886) to work on /home/airflow/.local/lib/python3.12/site-packages/airflow/example_dags/example_subdag_operator.py
[2026-08-02T19:16:27.691+0000] {processor.py:830} INFO - Processing file /home/airflow/.local/lib/python3.12/site-packages/airflow/example_dags/example_subdag_operator.py for tasks to queue
[2026-08-02T19:16:27.694+0000] {logging_mixin.py:188} INFO - [2026-08-02T19:16:27.694+0000] {dagbag.py:545} INFO - Filling up the DagBag from /home/airflow/.local/lib/python3.12/site-packages/airflow/example_dags/example_subdag_operator.py
[2026-08-02T19:16:27.730+0000] {processor.py:840} INFO - DAG(s) 'example_subdag_operator.section-1', 'example_subdag_operator.section-2', 'example_subdag_operator' retrieved from /home/airflow/.local/lib/python3.12/site-packages/airflow/example_dags/example_subdag_operator.py
[2026-08-02T19:16:27.744+0000] {logging_mixin.py:188} INFO - [2026-08-02T19:16:27.744+0000] {dag.py:3089} INFO - Sync 3 DAGs
[2026-08-02T19:16:27.765+0000] {logging_mixin.py:188} INFO - [2026-08-02T19:16:27.765+0000] {dag.py:3947} INFO - Setting next_dagrun for example_subdag_operator to 2022-01-01 00:00:00+00:00, run_after=2022-01-01 00:00:00+00:00
[2026-08-02T19:16:27.769+0000] {logging_mixin.py:188} INFO - [2026-08-02T19:16:27.769+0000] {dag.py:3947} INFO - Setting next_dagrun for example_subdag_operator.section-1 to None, run_after=None
[2026-08-02T19:16:27.771+0000] {logging_mixin.py:188} INFO - [2026-08-02T19:16:27.771+0000] {dag.py:3947} INFO - Setting next_dagrun for example_subdag_operator.section-2 to None, run_after=None
[2026-08-02T19:16:27.778+0000] {logging_mixin.py:188} INFO - [2026-08-02T19:16:27.778+0000] {dag.py:3089} INFO - Sync 2 DAGs
[2026-08-02T19:16:27.784+0000] {logging_mixin.py:188} INFO - [2026-08-02T19:16:27.784+0000] {dag.py:3947} INFO - Setting next_dagrun for example_subdag_operator.section-1 to None, run_after=None
[2026-08-02T19:16:27.786+0000] {logging_mixin.py:188} INFO - [2026-08-02T19:16:27.785+0000] {dag.py:3947} INFO - Setting next_dagrun for example_subdag_operator.section-2 to None, run_after=None
[2026-08-02T19:16:27.799+0000] {processor.py:183} INFO - Processing /home/airflow/.local/lib/python3.12/site-packages/airflow/example_dags/example_subdag_operator.py took 0.121 seconds
[2026-08-02T19:16:58.450+0000] {processor.py:161} INFO - Started process (PID=945) to work on /home/airflow/.local/lib/python3.12/site-packages/airflow/example_dags/example_subdag_operator.py
[2026-08-02T19:16:58.452+0000] {processor.py:830} INFO - Processing file /home/airflow/.local/lib/python3.12/site-packages/airflow/example_dags/example_subdag_operator.py for tasks to queue
[2026-08-02T19:16:58.455+0000] {logging_mixin.py:188} INFO - [2026-08-02T19:16:58.454+0000] {dagbag.py:545} INFO - Filling up the DagBag from /home/airflow/.local/lib/python3.12/site-packages/airflow/example_dags/example_subdag_operator.py
[2026-08-02T19:16:58.481+0000] {processor.py:840} INFO - DAG(s) 'example_subdag_operator.section-1', 'example_subdag_operator.section-2', 'example_subdag_operator' retrieved from /home/airflow/.local/lib/python3.12/site-packages/airflow/example_dags/example_subdag_operator.py
[2026-08-02T19:16:58.497+0000] {logging_mixin.py:188} INFO - [2026-08-02T19:16:58.497+0000] {dag.py:3089} INFO - Sync 3 DAGs
[2026-08-02T19:16:58.525+0000] {logging_mixin.py:188} INFO - [2026-08-02T19:16:58.524+0000] {dag.py:3947} INFO - Setting next_dagrun for example_subdag_operator to 2022-01-01 00:00:00+00:00, run_after=2022-01-01 00:00:00+00:00
[2026-08-02T19:16:58.530+0000] {logging_mixin.py:188} INFO - [2026-08-02T19:16:58.530+0000] {dag.py:3947} INFO - Setting next_dagrun for example_subdag_operator.section-1 to None, run_after=None
[2026-08-02T19:16:58.532+0000] {logging_mixin.py:188} INFO - [2026-08-02T19:16:58.532+0000] {dag.py:3947} INFO - Setting next_dagrun for example_subdag_operator.section-2 to None, run_after=None
[2026-08-02T19:16:58.542+0000] {logging_mixin.py:188} INFO - [2026-08-02T19:16:58.541+0000] {dag.py:3089} INFO - Sync 2 DAGs
[2026-08-02T19:16:58.548+0000] {logging_mixin.py:188} INFO - [2026-08-02T19:16:58.548+0000] {dag.py:3947} INFO - Setting next_dagrun for example_subdag_operator.section-1 to None, run_after=None
[2026-08-02T19:16:58.549+0000] {logging_mixin.py:188} INFO - [2026-08-02T19:16:58.549+0000] {dag.py:3947} INFO - Setting next_dagrun for example_subdag_operator.section-2 to None, run_after=None
[2026-08-02T19:16:58.561+0000] {processor.py:183} INFO - Processing /home/airflow/.local/lib/python3.12/site-packages/airflow/example_dags/example_subdag_operator.py took 0.118 seconds
[2026-08-02T19:17:29.209+0000] {processor.py:161} INFO - Started process (PID=1004) to work on /home/airflow/.local/lib/python3.12/site-packages/airflow/example_dags/example_subdag_operator.py
[2026-08-02T19:17:29.211+0000] {processor.py:830} INFO - Processing file /home/airflow/.local/lib/python3.12/site-packages/airflow/example_dags/example_subdag_operator.py for tasks to queue
[2026-08-02T19:17:29.213+0000] {logging_mixin.py:188} INFO - [2026-08-02T19:17:29.213+0000] {dagbag.py:545} INFO - Filling up the DagBag from /home/airflow/.local/lib/python3.12/site-packages/airflow/example_dags/example_subdag_operator.py
[2026-08-02T19:17:29.235+0000] {processor.py:840} INFO - DAG(s) 'example_subdag_operator.section-1', 'example_subdag_operator.section-2', 'example_subdag_operator' retrieved from /home/airflow/.local/lib/python3.12/site-packages/airflow/example_dags/example_subdag_operator.py
[2026-08-02T19:17:29.249+0000] {logging_mixin.py:188} INFO - [2026-08-02T19:17:29.249+0000] {dag.py:3089} INFO - Sync 3 DAGs
[2026-08-02T19:17:29.268+0000] {logging_mixin.py:188} INFO - [2026-08-02T19:17:29.268+0000] {dag.py:3947} INFO - Setting next_dagrun for example_subdag_operator to 2022-01-01 00:00:00+00:00, run_after=2022-01-01 00:00:00+00:00
[2026-08-02T19:17:29.272+0000] {logging_mixin.py:188} INFO - [2026-08-02T19:17:29.272+0000] {dag.py:3947} INFO - Setting next_dagrun for example_subdag_operator.section-1 to None, run_after=None
[2026-08-02T19:17:29.274+0000] {logging_mixin.py:188} INFO - [2026-08-02T19:17:29.274+0000] {dag.py:3947} INFO - Setting next_dagrun for example_subdag_operator.section-2 to None, run_after=None
[2026-08-02T19:17:29.281+0000] {logging_mixin.py:188} INFO - [2026-08-02T19:17:29.281+0000] {dag.py:3089} INFO - Sync 2 DAGs
[2026-08-02T19:17:29.286+0000] {logging_mixin.py:188} INFO - [2026-08-02T19:17:29.286+0000] {dag.py:3947} INFO - Setting next_dagrun for example_subdag_operator.section-1 to None, run_after=None
[2026-08-02T19:17:29.287+0000] {logging_mixin.py:188} INFO - [2026-08-02T19:17:29.287+0000] {dag.py:3947} INFO - Setting next_dagrun for example_subdag_operator.section-2 to None, run_after=None
[2026-08-02T19:17:29.299+0000] {processor.py:183} INFO - Processing /home/airflow/.local/lib/python3.12/site-packages/airflow/example_dags/example_subdag_operator.py took 0.096 seconds
[2026-08-02T19:18:00.082+0000] {processor.py:161} INFO - Started process (PID=1063) to work on /home/airflow/.local/lib/python3.12/site-packages/airflow/example_dags/example_subdag_operator.py
[2026-08-02T19:18:00.083+0000] {processor.py:830} INFO - Processing file /home/airflow/.local/lib/python3.12/site-packages/airflow/example_dags/example_subdag_operator.py for tasks to queue
[2026-08-02T19:18:00.085+0000] {logging_mixin.py:188} INFO - [2026-08-02T19:18:00.085+0000] {dagbag.py:545} INFO - Filling up the DagBag from /home/airflow/.local/lib/python3.12/site-packages/airflow/example_dags/example_subdag_operator.py
[2026-08-02T19:18:00.104+0000] {processor.py:840} INFO - DAG(s) 'example_subdag_operator.section-1', 'example_subdag_operator.section-2', 'example_subdag_operator' retrieved from /home/airflow/.local/lib/python3.12/site-packages/airflow/example_dags/example_subdag_operator.py
[2026-08-02T19:18:00.118+0000] {logging_mixin.py:188} INFO - [2026-08-02T19:18:00.118+0000] {dag.py:3089} INFO - Sync 3 DAGs
[2026-08-02T19:18:00.138+0000] {logging_mixin.py:188} INFO - [2026-08-02T19:18:00.138+0000] {dag.py:3947} INFO - Setting next_dagrun for example_subdag_operator to 2022-01-01 00:00:00+00:00, run_after=2022-01-01 00:00:00+00:00
[2026-08-02T19:18:00.142+0000] {logging_mixin.py:188} INFO - [2026-08-02T19:18:00.142+0000] {dag.py:3947} INFO - Setting next_dagrun for example_subdag_operator.section-1 to None, run_after=None
[2026-08-02T19:18:00.143+0000] {logging_mixin.py:188} INFO - [2026-08-02T19:18:00.143+0000] {dag.py:3947} INFO - Setting next_dagrun for example_subdag_operator.section-2 to None, run_after=None
[2026-08-02T19:18:00.150+0000] {logging_mixin.py:188} INFO - [2026-08-02T19:18:00.150+0000] {dag.py:3089} INFO - Sync 2 DAGs
[2026-08-02T19:18:00.155+0000] {logging_mixin.py:188} INFO - [2026-08-02T19:18:00.155+0000] {dag.py:3947} INFO - Setting next_dagrun for example_subdag_operator.section-1 to None, run_after=None
[2026-08-02T19:18:00.156+0000] {logging_mixin.py:188} INFO - [2026-08-02T19:18:00.156+0000] {dag.py:3947} INFO - Setting next_dagrun for example_subdag_operator.section-2 to None, run_after=None
[2026-08-02T19:18:00.166+0000] {processor.py:183} INFO - Processing /home/airflow/.local/lib/python3.12/site-packages/airflow/example_dags/example_subdag_operator.py took 0.090 seconds
[2026-08-02T19:18:30.769+0000] {processor.py:161} INFO - Started process (PID=1122) to work on /home/airflow/.local/lib/python3.12/site-packages/airflow/example_dags/example_subdag_operator.py
[2026-08-02T19:18:30.770+0000] {processor.py:830} INFO - Processing file /home/airflow/.local/lib/python3.12/site-packages/airflow/example_dags/example_subdag_operator.py for tasks to queue
[2026-08-02T19:18:30.773+0000] {logging_mixin.py:188} INFO - [2026-08-02T19:18:30.772+0000] {dagbag.py:545} INFO - Filling up the DagBag from /home/airflow/.local/lib/python3.12/site-packages/airflow/example_dags/example_subdag_operator.py
[2026-08-02T19:18:30.798+0000] {processor.py:840} INFO - DAG(s) 'example_subdag_operator.section-1', 'example_subdag_operator.section-2', 'example_subdag_operator' retrieved from /home/airflow/.local/lib/python3.12/site-packages/airflow/example_dags/example_subdag_operator.py
[2026-08-02T19:18:30.814+0000] {logging_mixin.py:188} INFO - [2026-08-02T19:18:30.814+0000] {dag.py:3089} INFO - Sync 3 DAGs
[2026-08-02T19:18:30.835+0000] {logging_mixin.py:188} INFO - [2026-08-02T19:18:30.835+0000] {dag.py:3947} INFO - Setting next_dagrun for example_subdag_operator to 2022-01-01 00:00:00+00:00, run_after=2022-01-01 00:00:00+00:00
[2026-08-02T19:18:30.839+0000] {logging_mixin.py:188} INFO - [2026-08-02T19:18:30.839+0000] {dag.py:3947} INFO - Setting next_dagrun for example_subdag_operator.section-1 to None, run_after=None
[2026-08-02T19:18:30.841+0000] {logging_mixin.py:188} INFO - [2026-08-02T19:18:30.841+0000] {dag.py:3947} INFO - Setting next_dagrun for example_subdag_operator.section-2 to None, run_after=None
[2026-08-02T19:18:30.849+0000] {logging_mixin.py:188} INFO - [2026-08-02T19:18:30.849+0000] {dag.py:3089} INFO - Sync 2 DAGs
[2026-08-02T19:18:30.855+0000] {logging_mixin.py:188} INFO - [2026-08-02T19:18:30.854+0000] {dag.py:3947} INFO - Setting next_dagrun for example_subdag_operator.section-1 to None, run_after=None
[2026-08-02T19:18:30.856+0000] {logging_mixin.py:188} INFO - [2026-08-02T19:18:30.855+0000] {dag.py:3947} INFO - Setting next_dagrun for example_subdag_operator.section-2 to None, run_after=None
[2026-08-02T19:18:30.869+0000] {processor.py:183} INFO - Processing /home/airflow/.local/lib/python3.12/site-packages/airflow/example_dags/example_subdag_operator.py took 0.107 seconds
[2026-08-02T19:19:01.209+0000] {processor.py:161} INFO - Started process (PID=1181) to work on /home/airflow/.local/lib/python3.12/site-packages/airflow/example_dags/example_subdag_operator.py
[2026-08-02T19:19:01.210+0000] {processor.py:830} INFO - Processing file /home/airflow/.local/lib/python3.12/site-packages/airflow/example_dags/example_subdag_operator.py for tasks to queue
[2026-08-02T19:19:01.213+0000] {logging_mixin.py:188} INFO - [2026-08-02T19:19:01.213+0000] {dagbag.py:545} INFO - Filling up the DagBag from /home/airflow/.local/lib/python3.12/site-packages/airflow/example_dags/example_subdag_operator.py
[2026-08-02T19:19:01.235+0000] {processor.py:840} INFO - DAG(s) 'example_subdag_operator.section-1', 'example_subdag_operator.section-2', 'example_subdag_operator' retrieved from /home/airflow/.local/lib/python3.12/site-packages/airflow/example_dags/example_subdag_operator.py
[2026-08-02T19:19:01.250+0000] {logging_mixin.py:188} INFO - [2026-08-02T19:19:01.250+0000] {dag.py:3089} INFO - Sync 3 DAGs
[2026-08-02T19:19:01.272+0000] {logging_mixin.py:188} INFO - [2026-08-02T19:19:01.272+0000] {dag.py:3947} INFO - Setting next_dagrun for example_subdag_operator to 2022-01-01 00:00:00+00:00, run_after=2022-01-01 00:00:00+00:00
[2026-08-02T19:19:01.277+0000] {logging_mixin.py:188} INFO - [2026-08-02T19:19:01.277+0000] {dag.py:3947} INFO - Setting next_dagrun for example_subdag_operator.section-1 to None, run_after=None
[2026-08-02T19:19:01.279+0000] {logging_mixin.py:188} INFO - [2026-08-02T19:19:01.279+0000] {dag.py:3947} INFO - Setting next_dagrun for example_subdag_operator.section-2 to None, run_after=None
[2026-08-02T19:19:01.287+0000] {logging_mixin.py:188} INFO - [2026-08-02T19:19:01.287+0000] {dag.py:3089} INFO - Sync 2 DAGs
[2026-08-02T19:19:01.293+0000] {logging_mixin.py:188} INFO - [2026-08-02T19:19:01.293+0000] {dag.py:3947} INFO - Setting next_dagrun for example_subdag_operator.section-1 to None, run_after=None
[2026-08-02T19:19:01.294+0000] {logging_mixin.py:188} INFO - [2026-08-02T19:19:01.294+0000] {dag.py:3947} INFO - Setting next_dagrun for example_subdag_operator.section-2 to None, run_after=None
[2026-08-02T19:19:01.307+0000] {processor.py:183} INFO - Processing /home/airflow/.local/lib/python3.12/site-packages/airflow/example_dags/example_subdag_operator.py took 0.103 seconds
[2026-08-02T19:19:31.893+0000] {processor.py:161} INFO - Started process (PID=1240) to work on /home/airflow/.local/lib/python3.12/site-packages/airflow/example_dags/example_subdag_operator.py
[2026-08-02T19:19:31.894+0000] {processor.py:830} INFO - Processing file /home/airflow/.local/lib/python3.12/site-packages/airflow/example_dags/example_subdag_operator.py for tasks to queue
[2026-08-02T19:19:31.896+0000] {logging_mixin.py:188} INFO - [2026-08-02T19:19:31.896+0000] {dagbag.py:545} INFO - Filling up the DagBag from /home/airflow/.local/lib/python3.12/site-packages/airflow/example_dags/example_subdag_operator.py
[2026-08-02T19:19:31.921+0000] {processor.py:840} INFO - DAG(s) 'example_subdag_operator.section-1', 'example_subdag_operator.section-2', 'example_subdag_operator' retrieved from /home/airflow/.local/lib/python3.12/site-packages/airflow/example_dags/example_subdag_operator.py
[2026-08-02T19:19:31.935+0000] {logging_mixin.py:188} INFO - [2026-08-02T19:19:31.935+0000] {dag.py:3089} INFO - Sync 3 DAGs
[2026-08-02T19:19:31.956+0000] {logging_mixin.py:188} INFO - [2026-08-02T19:19:31.956+0000] {dag.py:3947} INFO - Setting next_dagrun for example_subdag_operator to 2022-01-01 00:00:00+00:00, run_after=2022-01-01 00:00:00+00:00
[2026-08-02T19:19:31.960+0000] {logging_mixin.py:188} INFO - [2026-08-02T19:19:31.960+0000] {dag.py:3947} INFO - Setting next_dagrun for example_subdag_operator.section-1 to None, run_after=None
[2026-08-02T19:19:31.962+0000] {logging_mixin.py:188} INFO - [2026-08-02T19:19:31.961+0000] {dag.py:3947} INFO - Setting next_dagrun for example_subdag_operator.section-2 to None, run_after=None
[2026-08-02T19:19:31.969+0000] {logging_mixin.py:188} INFO - [2026-08-02T19:19:31.969+0000] {dag.py:3089} INFO - Sync 2 DAGs
[2026-08-02T19:19:31.974+0000] {logging_mixin.py:188} INFO - [2026-08-02T19:19:31.974+0000] {dag.py:3947} INFO - Setting next_dagrun for example_subdag_operator.section-1 to None, run_after=None
[2026-08-02T19:19:31.975+0000] {logging_mixin.py:188} INFO - [2026-08-02T19:19:31.975+0000] {dag.py:3947} INFO - Setting next_dagrun for example_subdag_operator.section-2 to None, run_after=None
[2026-08-02T19:19:31.987+0000] {processor.py:183} INFO - Processing /home/airflow/.local/lib/python3.12/site-packages/airflow/example_dags/example_subdag_operator.py took 0.101 seconds
[2026-08-02T19:20:02.711+0000] {processor.py:161} INFO - Started process (PID=1299) to work on /home/airflow/.local/lib/python3.12/site-packages/airflow/example_dags/example_subdag_operator.py
[2026-08-02T19:20:02.715+0000] {processor.py:830} INFO - Processing file /home/airflow/.local/lib/python3.12/site-packages/airflow/example_dags/example_subdag_operator.py for tasks to queue
[2026-08-02T19:20:02.721+0000] {logging_mixin.py:188} INFO - [2026-08-02T19:20:02.720+0000] {dagbag.py:545} INFO - Filling up the DagBag from /home/airflow/.local/lib/python3.12/site-packages/airflow/example_dags/example_subdag_operator.py
[2026-08-02T19:20:02.748+0000] {processor.py:840} INFO - DAG(s) 'example_subdag_operator.section-1', 'example_subdag_operator.section-2', 'example_subdag_operator' retrieved from /home/airflow/.local/lib/python3.12/site-packages/airflow/example_dags/example_subdag_operator.py
[2026-08-02T19:20:02.764+0000] {logging_mixin.py:188} INFO - [2026-08-02T19:20:02.764+0000] {dag.py:3089} INFO - Sync 3 DAGs
[2026-08-02T19:20:02.788+0000] {logging_mixin.py:188} INFO - [2026-08-02T19:20:02.788+0000] {dag.py:3947} INFO - Setting next_dagrun for example_subdag_operator to 2022-01-01 00:00:00+00:00, run_after=2022-01-01 00:00:00+00:00
[2026-08-02T19:20:02.793+0000] {logging_mixin.py:188} INFO - [2026-08-02T19:20:02.792+0000] {dag.py:3947} INFO - Setting next_dagrun for example_subdag_operator.section-1 to None, run_after=None
[2026-08-02T19:20:02.794+0000] {logging_mixin.py:188} INFO - [2026-08-02T19:20:02.794+0000] {dag.py:3947} INFO - Setting next_dagrun for example_subdag_operator.section-2 to None, run_after=None
[2026-08-02T19:20:02.802+0000] {logging_mixin.py:188} INFO - [2026-08-02T19:20:02.802+0000] {dag.py:3089} INFO - Sync 2 DAGs
[2026-08-02T19:20:02.808+0000] {logging_mixin.py:188} INFO - [2026-08-02T19:20:02.808+0000] {dag.py:3947} INFO - Setting next_dagrun for example_subdag_operator.section-1 to None, run_after=None
[2026-08-02T19:20:02.809+0000] {logging_mixin.py:188} INFO - [2026-08-02T19:20:02.809+0000] {dag.py:3947} INFO - Setting next_dagrun for example_subdag_operator.section-2 to None, run_after=None
[2026-08-02T19:20:02.821+0000] {processor.py:183} INFO - Processing /home/airflow/.local/lib/python3.12/site-packages/airflow/example_dags/example_subdag_operator.py took 0.119 seconds
[2026-08-02T19:20:32.889+0000] {processor.py:161} INFO - Started process (PID=1358) to work on /home/airflow/.local/lib/python3.12/site-packages/airflow/example_dags/example_subdag_operator.py
[2026-08-02T19:20:32.890+0000] {processor.py:830} INFO - Processing file /home/airflow/.local/lib/python3.12/site-packages/airflow/example_dags/example_subdag_operator.py for tasks to queue
[2026-08-02T19:20:32.893+0000] {logging_mixin.py:188} INFO - [2026-08-02T19:20:32.893+0000] {dagbag.py:545} INFO - Filling up the DagBag from /home/airflow/.local/lib/python3.12/site-packages/airflow/example_dags/example_subdag_operator.py
[2026-08-02T19:20:32.918+0000] {processor.py:840} INFO - DAG(s) 'example_subdag_operator.section-1', 'example_subdag_operator.section-2', 'example_subdag_operator' retrieved from /home/airflow/.local/lib/python3.12/site-packages/airflow/example_dags/example_subdag_operator.py
[2026-08-02T19:20:32.932+0000] {logging_mixin.py:188} INFO - [2026-08-02T19:20:32.932+0000] {dag.py:3089} INFO - Sync 3 DAGs
[2026-08-02T19:20:32.952+0000] {logging_mixin.py:188} INFO - [2026-08-02T19:20:32.952+0000] {dag.py:3947} INFO - Setting next_dagrun for example_subdag_operator to 2022-01-01 00:00:00+00:00, run_after=2022-01-01 00:00:00+00:00
[2026-08-02T19:20:32.957+0000] {logging_mixin.py:188} INFO - [2026-08-02T19:20:32.957+0000] {dag.py:3947} INFO - Setting next_dagrun for example_subdag_operator.section-1 to None, run_after=None
[2026-08-02T19:20:32.959+0000] {logging_mixin.py:188} INFO - [2026-08-02T19:20:32.959+0000] {dag.py:3947} INFO - Setting next_dagrun for example_subdag_operator.section-2 to None, run_after=None
[2026-08-02T19:20:32.967+0000] {logging_mixin.py:188} INFO - [2026-08-02T19:20:32.967+0000] {dag.py:3089} INFO - Sync 2 DAGs
[2026-08-02T19:20:32.973+0000] {logging_mixin.py:188} INFO - [2026-08-02T19:20:32.973+0000] {dag.py:3947} INFO - Setting next_dagrun for example_subdag_operator.section-1 to None, run_after=None
[2026-08-02T19:20:32.974+0000] {logging_mixin.py:188} INFO - [2026-08-02T19:20:32.974+0000] {dag.py:3947} INFO - Setting next_dagrun for example_subdag_operator.section-2 to None, run_after=None
[2026-08-02T19:20:32.986+0000] {processor.py:183} INFO - Processing /home/airflow/.local/lib/python3.12/site-packages/airflow/example_dags/example_subdag_operator.py took 0.104 seconds
[2026-08-02T19:21:03.544+0000] {processor.py:161} INFO - Started process (PID=1417) to work on /home/airflow/.local/lib/python3.12/site-packages/airflow/example_dags/example_subdag_operator.py
[2026-08-02T19:21:03.547+0000] {processor.py:830} INFO - Processing file /home/airflow/.local/lib/python3.12/site-packages/airflow/example_dags/example_subdag_operator.py for tasks to queue
[2026-08-02T19:21:03.551+0000] {logging_mixin.py:188} INFO - [2026-08-02T19:21:03.550+0000] {dagbag.py:545} INFO - Filling up the DagBag from /home/airflow/.local/lib/python3.12/site-packages/airflow/example_dags/example_subdag_operator.py
[2026-08-02T19:21:03.580+0000] {processor.py:840} INFO - DAG(s) 'example_subdag_operator.section-1', 'example_subdag_operator.section-2', 'example_subdag_operator' retrieved from /home/airflow/.local/lib/python3.12/site-packages/airflow/example_dags/example_subdag_operator.py
[2026-08-02T19:21:03.597+0000] {logging_mixin.py:188} INFO - [2026-08-02T19:21:03.596+0000] {dag.py:3089} INFO - Sync 3 DAGs
[2026-08-02T19:21:03.616+0000] {logging_mixin.py:188} INFO - [2026-08-02T19:21:03.616+0000] {dag.py:3947} INFO - Setting next_dagrun for example_subdag_operator to 2022-01-01 00:00:00+00:00, run_after=2022-01-01 00:00:00+00:00
[2026-08-02T19:21:03.620+0000] {logging_mixin.py:188} INFO - [2026-08-02T19:21:03.620+0000] {dag.py:3947} INFO - Setting next_dagrun for example_subdag_operator.section-1 to None, run_after=None
[2026-08-02T19:21:03.622+0000] {logging_mixin.py:188} INFO - [2026-08-02T19:21:03.622+0000] {dag.py:3947} INFO - Setting next_dagrun for example_subdag_operator.section-2 to None, run_after=None
[2026-08-02T19:21:03.629+0000] {logging_mixin.py:188} INFO - [2026-08-02T19:21:03.629+0000] {dag.py:3089} INFO - Sync 2 DAGs
[2026-08-02T19:21:03.635+0000] {logging_mixin.py:188} INFO - [2026-08-02T19:21:03.635+0000] {dag.py:3947} INFO - Setting next_dagrun for example_subdag_operator.section-1 to None, run_after=None
[2026-08-02T19:21:03.636+0000] {logging_mixin.py:188} INFO - [2026-08-02T19:21:03.636+0000] {dag.py:3947} INFO - Setting next_dagrun for example_subdag_operator.section-2 to None, run_after=None
[2026-08-02T19:21:03.647+0000] {processor.py:183} INFO - Processing /home/airflow/.local/lib/python3.12/site-packages/airflow/example_dags/example_subdag_operator.py took 0.114 seconds
